train_id,railroad,origin_date,number,all_numbers,name,origin,destination,partial_train,last_updated,current_timezone,threshold,disruption,total_miles,location,stops,latitude,longitude,speed,SHAPE,estt
2023-11-12_AMTK_74,AMTRAK,2023-11-12,74,[74],Piedmont,CLT,RGH,False,1699818337,America/New_York,10,False,173,"{'latitude': 35.495498, 'longitude': -80.624706, 'heading': 45, 'speed': 0.02}","[{'code': 'CLT', 'miles': 0, 'sched_depart': 1699816800, 'depart': {'variance': 0, 'times_compared': 'DEPARTURE', 'type': 'ACTUAL'}}, {'code': 'KAN', 'miles': 26, 'sched_arrive': 1699818240, 'sched_depart': 1699818300, 'arrive': {'variance': 60, 'times_compared': 'ENROUTE_ARRIVAL', 'type': 'ACTUAL'}, 'depart': {'variance': 0, 'times_compared': 'DEPARTURE', 'type': 'ESTIMATED'}}, {'code': 'SAL', 'miles': 42, 'sched_arrive': 1699819200, 'sched_depart': 1699819260, 'arrive': {'variance': 0, 'times_compared': 'ENROUTE_ARRIVAL', 'type': 'ESTIMATED'}, 'depart': {'variance': 0, 'times_compared': 'DEPARTURE', 'type': 'ESTIMATED'}}, {'code': 'HPT', 'miles': 76, 'sched_arrive': 1699821240, 'sched_depart': 1699821300, 'arrive': {'variance': 0, 'times_compared': 'ENROUTE_ARRIVAL', 'type': 'ESTIMATED'}, 'depart': {'variance': 0, 'times_compared': 'DEPARTURE', 'type': 'ESTIMATED'}}, {'code': 'GRO', 'miles': 92, 'sched_arrive': 1699822320, 'sched_depart': 1699822440, 'arrive': {'variance': 0, 'times_compared': 'ENROUTE_ARRIVAL', 'type': 'ESTIMATED'}, 'depart': {'variance': 0, 'times_compared': 'DEPARTURE', 'type': 'ESTIMATED'}}, {'code': 'BNC', 'miles': 113, 'sched_arrive': 1699823640, 'sched_depart': 1699823700, 'arrive': {'variance': 0, 'times_compared': 'ENROUTE_ARRIVAL', 'type': 'ESTIMATED'}, 'depart': {'variance': 0, 'times_compared': 'DEPARTURE', 'type': 'ESTIMATED'}}, {'code': 'DNC', 'miles': 147, 'sched_arrive': 1699826340, 'sched_depart': 1699826460, 'arrive': {'variance': 0, 'times_compared': 'ENROUTE_ARRIVAL', 'type': 'ESTIMATED'}, 'depart': {'variance': 0, 'times_compared': 'DEPARTURE', 'type': 'ESTIMATED'}}, {'code': 'CYN', 'miles': 165, 'sched_arrive': 1699827600, 'sched_depart': 1699827720, 'arrive': {'variance': 0, 'times_compared': 'ENROUTE_ARRIVAL', 'type': 'ESTIMATED'}, 'depart': {'variance': 0, 'times_compared': 'DEPARTURE', 'type': 'ESTIMATED'}}, {'code': 'RGH', 'miles': 173, 'sched_arrive': 1699828560, 'arrive': {'variance': 180, 'times_compared': 'TERMINAL_ARRIVAL', 'type': 'ESTIMATED'}}]",35.495498,-80.624706,0.02,POINT (-80.624706 35.495498),18
2023-11-12_AMTK_74,AMTRAK,2023-11-12,74,[74],Piedmont,CLT,RGH,False,1699819407,America/New_York,10,False,173,"{'latitude': 35.666946, 'longitude': -80.466075, 'heading': 45, 'speed': 0.02}","[{'code': 'CLT', 'miles': 0, 'sched_depart': 1699816800, 'depart': {'variance': 0, 'times_compared': 'DEPARTURE', 'type': 'ACTUAL'}}, {'code': 'KAN', 'miles': 26, 'sched_arrive': 1699818240, 'sched_depart': 1699818300, 'arrive': {'variance': 60, 'times_compared': 'ENROUTE_ARRIVAL', 'type': 'ACTUAL'}, 'depart': {'variance': -60, 'times_compared': 'DEPARTURE', 'type': 'ACTUAL'}}, {'code': 'SAL', 'miles': 42, 'sched_arrive': 1699819200, 'sched_depart': 1699819260, 'arrive': {'variance': -60, 'times_compared': 'ENROUTE_ARRIVAL', 'type': 'ACTUAL'}, 'depart': {'variance': -60, 'times_compared': 'DEPARTURE', 'type': 'ESTIMATED'}}, {'code': 'HPT', 'miles': 76, 'sched_arrive': 1699821240, 'sched_depart': 1699821300, 'arrive': {'variance': 0, 'times_compared': 'ENROUTE_ARRIVAL', 'type': 'ESTIMATED'}, 'depart': {'variance': 0, 'times_compared': 'DEPARTURE', 'type': 'ESTIMATED'}}, {'code': 'GRO', 'miles': 92, 'sched_arrive': 1699822320, 'sched_depart': 1699822440, 'arrive': {'variance': 0, 'times_compared': 'ENROUTE_ARRIVAL', 'type': 'ESTIMATED'}, 'depart': {'variance': 0, 'times_compared': 'DEPARTURE', 'type': 'ESTIMATED'}}, {'code': 'BNC', 'miles': 113, 'sched_arrive': 1699823640, 'sched_depart': 1699823700, 'arrive': {'variance': 0, 'times_compared': 'ENROUTE_ARRIVAL', 'type': 'ESTIMATED'}, 'depart': {'variance': 0, 'times_compared': 'DEPARTURE', 'type': 'ESTIMATED'}}, {'code': 'DNC', 'miles': 147, 'sched_arrive': 1699826340, 'sched_depart': 1699826460, 'arrive': {'variance': 0, 'times_compared': 'ENROUTE_ARRIVAL', 'type': 'ESTIMATED'}, 'depart': {'variance': 0, 'times_compared': 'DEPARTURE', 'type': 'ESTIMATED'}}, {'code': 'CYN', 'miles': 165, 'sched_arrive': 1699827600, 'sched_depart': 1699827720, 'arrive': {'variance': 0, 'times_compared': 'ENROUTE_ARRIVAL', 'type': 'ESTIMATED'}, 'depart': {'variance': 0, 'times_compared': 'DEPARTURE', 'type': 'ESTIMATED'}}, {'code': 'RGH', 'miles': 173, 'sched_arrive': 1699828560, 'arrive': {'variance': 180, 'times_compared': 'TERMINAL_ARRIVAL', 'type': 'ESTIMATED'}}]",35.666946,-80.466075,0.02,POINT (-80.466075 35.666946),33
2023-11-12_AMTK_74,AMTRAK,2023-11-12,74,[74],Piedmont,CLT,RGH,False,1699821399,America/New_York,10,False,173,"{'latitude': 35.957496, 'longitude': -80.00619, 'heading': 45, 'speed': 0.04}","[{'code': 'CLT', 'miles': 0, 'sched_depart': 1699816800, 'depart': {'variance': 0, 'times_compared': 'DEPARTURE', 'type': 'ACTUAL'}}, {'code': 'KAN', 'miles': 26, 'sched_arrive': 1699818240, 'sched_depart': 1699818300, 'arrive': {'variance': 60, 'times_compared': 'ENROUTE_ARRIVAL', 'type': 'ACTUAL'}, 'depart': {'variance': -60, 'times_compared': 'DEPARTURE', 'type': 'ACTUAL'}}, {'code': 'SAL', 'miles': 42, 'sched_arrive': 1699819200, 'sched_depart': 1699819260, 'arrive': {'variance': -60, 'times_compared': 'ENROUTE_ARRIVAL', 'type': 'ACTUAL'}, 'depart': {'variance': -60, 'times_compared': 'DEPARTURE', 'type': 'ACTUAL'}}, {'code': 'HPT', 'miles': 76, 'sched_arrive': 1699821240, 'sched_depart': 1699821300, 'arrive': {'variance': 60, 'times_compared': 'ENROUTE_ARRIVAL', 'type': 'ACTUAL'}, 'depart': {'variance': 0, 'times_compared': 'DEPARTURE', 'type': 'ESTIMATED'}}, {'code': 'GRO', 'miles': 92, 'sched_arrive': 1699822320, 'sched_depart': 1699822440, 'arrive': {'variance': 0, 'times_compared': 'ENROUTE_ARRIVAL', 'type': 'ESTIMATED'}, 'depart': {'variance': 0, 'times_compared': 'DEPARTURE', 'type': 'ESTIMATED'}}, {'code': 'BNC', 'miles': 113, 'sched_arrive': 1699823640, 'sched_depart': 1699823700, 'arrive': {'variance': 0, 'times_compared': 'ENROUTE_ARRIVAL', 'type': 'ESTIMATED'}, 'depart': {'variance': 0, 'times_compared': 'DEPARTURE', 'type': 'ESTIMATED'}}, {'code': 'DNC', 'miles': 147, 'sched_arrive': 1699826340, 'sched_depart': 1699826460, 'arrive': {'variance': 0, 'times_compared': 'ENROUTE_ARRIVAL', 'type': 'ESTIMATED'}, 'depart': {'variance': 0, 'times_compared': 'DEPARTURE', 'type': 'ESTIMATED'}}, {'code': 'CYN', 'miles': 165, 'sched_arrive': 1699827600, 'sched_depart': 1699827720, 'arrive': {'variance': 0, 'times_compared': 'ENROUTE_ARRIVAL', 'type': 'ESTIMATED'}, 'depart': {'variance': 0, 'times_compared': 'DEPARTURE', 'type': 'ESTIMATED'}}, {'code': 'RGH', 'miles': 173, 'sched_arrive': 1699828560, 'arrive': {'variance': 180, 'times_compared': 'TERMINAL_ARRIVAL', 'type': 'ESTIMATED'}}]",35.957496,-80.00619,0.04,POINT (-80.00619 35.957496),18
2023-11-12_AMTK_74,AMTRAK,2023-11-12,74,[74],Piedmont,CLT,RGH,False,1699822473,America/New_York,10,False,173,"{'latitude': 36.068626, 'longitude': -79.786906, 'heading': 90, 'speed': 0.06}","[{'code': 'CLT', 'miles': 0, 'sched_depart': 1699816800, 'depart': {'variance': 0, 'times_compared': 'DEPARTURE', 'type': 'ACTUAL'}}, {'code': 'KAN', 'miles': 26, 'sched_arrive': 1699818240, 'sched_depart': 1699818300, 'arrive': {'variance': 60, 'times_compared': 'ENROUTE_ARRIVAL', 'type': 'ACTUAL'}, 'depart': {'variance': -60, 'times_compared': 'DEPARTURE', 'type': 'ACTUAL'}}, {'code': 'SAL', 'miles': 42, 'sched_arrive': 1699819200, 'sched_depart': 1699819260, 'arrive': {'variance': -60, 'times_compared': 'ENROUTE_ARRIVAL', 'type': 'ACTUAL'}, 'depart': {'variance': -60, 'times_compared': 'DEPARTURE', 'type': 'ACTUAL'}}, {'code': 'HPT', 'miles': 76, 'sched_arrive': 1699821240, 'sched_depart': 1699821300, 'arrive': {'variance': 60, 'times_compared': 'ENROUTE_ARRIVAL', 'type': 'ACTUAL'}, 'depart': {'variance': 0, 'times_compared': 'DEPARTURE', 'type': 'ACTUAL'}}, {'code': 'GRO', 'miles': 92, 'sched_arrive': 1699822320, 'sched_depart': 1699822440, 'arrive': {'variance': 120, 'times_compared': 'ENROUTE_ARRIVAL', 'type': 'ACTUAL'}, 'depart': {'variance': 0, 'times_compared': 'DEPARTURE', 'type': 'ESTIMATED'}}, {'code': 'BNC', 'miles': 113, 'sched_arrive': 1699823640, 'sched_depart': 1699823700, 'arrive': {'variance': 0, 'times_compared': 'ENROUTE_ARRIVAL', 'type': 'ESTIMATED'}, 'depart': {'variance': 0, 'times_compared': 'DEPARTURE', 'type': 'ESTIMATED'}}, {'code': 'DNC', 'miles': 147, 'sched_arrive': 1699826340, 'sched_depart': 1699826460, 'arrive': {'variance': 0, 'times_compared': 'ENROUTE_ARRIVAL', 'type': 'ESTIMATED'}, 'depart': {'variance': 0, 'times_compared': 'DEPARTURE', 'type': 'ESTIMATED'}}, {'code': 'CYN', 'miles': 165, 'sched_arrive': 1699827600, 'sched_depart': 1699827720, 'arrive': {'variance': 0, 'times_compared': 'ENROUTE_ARRIVAL', 'type': 'ESTIMATED'}, 'depart': {'variance': 0, 'times_compared': 'DEPARTURE', 'type': 'ESTIMATED'}}, {'code': 'RGH', 'miles': 173, 'sched_arrive': 1699828560, 'arrive': {'variance': 180, 'times_compared': 'TERMINAL_ARRIVAL', 'type': 'ESTIMATED'}}]",36.068626,-79.786906,0.06,POINT (-79.786906 36.068626),21
2023-11-12_AMTK_74,AMTRAK,2023-11-12,74,[74],Piedmont,CLT,RGH,False,1699823729,America/New_York,10,False,173,"{'latitude': 36.093528, 'longitude': -79.43436, 'heading': 135, 'speed': 0.0}","[{'code': 'CLT', 'miles': 0, 'sched_depart': 1699816800, 'depart': {'variance': 0, 'times_compared': 'DEPARTURE', 'type': 'ACTUAL'}}, {'code': 'KAN', 'miles': 26, 'sched_arrive': 1699818240, 'sched_depart': 1699818300, 'arrive': {'variance': 60, 'times_compared': 'ENROUTE_ARRIVAL', 'type': 'ACTUAL'}, 'depart': {'variance': -60, 'times_compared': 'DEPARTURE', 'type': 'ACTUAL'}}, {'code': 'SAL', 'miles': 42, 'sched_arrive': 1699819200, 'sched_depart': 1699819260, 'arrive': {'variance': -60, 'times_compared': 'ENROUTE_ARRIVAL', 'type': 'ACTUAL'}, 'depart': {'variance': -60, 'times_compared': 'DEPARTURE', 'type': 'ACTUAL'}}, {'code': 'HPT', 'miles': 76, 'sched_arrive': 1699821240, 'sched_depart': 1699821300, 'arrive': {'variance': 60, 'times_compared': 'ENROUTE_ARRIVAL', 'type': 'ACTUAL'}, 'depart': {'variance': 0, 'times_compared': 'DEPARTURE', 'type': 'ACTUAL'}}, {'code': 'GRO', 'miles': 92, 'sched_arrive': 1699822320, 'sched_depart': 1699822440, 'arrive': {'variance': 120, 'times_compared': 'ENROUTE_ARRIVAL', 'type': 'ACTUAL'}, 'depart': {'variance': 0, 'times_compared': 'DEPARTURE', 'type': 'ACTUAL'}}, {'code': 'BNC', 'miles': 113, 'sched_arrive': 1699823640, 'sched_depart': 1699823700, 'arrive': {'variance': 60, 'times_compared': 'ENROUTE_ARRIVAL', 'type': 'ACTUAL'}, 'depart': {'variance': 0, 'times_compared': 'DEPARTURE', 'type': 'ESTIMATED'}}, {'code': 'DNC', 'miles': 147, 'sched_arrive': 1699826340, 'sched_depart': 1699826460, 'arrive': {'variance': 0, 'times_compared': 'ENROUTE_ARRIVAL', 'type': 'ESTIMATED'}, 'depart': {'variance': 0, 'times_compared': 'DEPARTURE', 'type': 'ESTIMATED'}}, {'code': 'CYN', 'miles': 165, 'sched_arrive': 1699827600, 'sched_depart': 1699827720, 'arrive': {'variance': 0, 'times_compared': 'ENROUTE_ARRIVAL', 'type': 'ESTIMATED'}, 'depart': {'variance': 0, 'times_compared': 'DEPARTURE', 'type': 'ESTIMATED'}}, {'code': 'RGH', 'miles': 173, 'sched_arrive': 1699828560, 'arrive': {'variance': 180, 'times_compared': 'TERMINAL_ARRIVAL', 'type': 'ESTIMATED'}}]",36.093528,-79.43436,0.0,POINT (-79.43436 36.093528),21
2023-11-12_AMTK_74,AMTRAK,2023-11-12,74,[74],Piedmont,CLT,RGH,False,1699824988,America/New_York,10,False,173,"{'latitude': 36.085128, 'longitude': -79.230395, 'heading': 90, 'speed': 0.0}","[{'code': 'CLT', 'miles': 0, 'sched_depart': 1699816800, 'depart': {'variance': 0, 'times_compared': 'DEPARTURE', 'type': 'ACTUAL'}}, {'code': 'KAN', 'miles': 26, 'sched_arrive': 1699818240, 'sched_depart': 1699818300, 'arrive': {'variance': 60, 'times_compared': 'ENROUTE_ARRIVAL', 'type': 'ACTUAL'}, 'depart': {'variance': -60, 'times_compared': 'DEPARTURE', 'type': 'ACTUAL'}}, {'code': 'SAL', 'miles': 42, 'sched_arrive': 1699819200, 'sched_depart': 1699819260, 'arrive': {'variance': -60, 'times_compared': 'ENROUTE_ARRIVAL', 'type': 'ACTUAL'}, 'depart': {'variance': -60, 'times_compared': 'DEPARTURE', 'type': 'ACTUAL'}}, {'code': 'HPT', 'miles': 76, 'sched_arrive': 1699821240, 'sched_depart': 1699821300, 'arrive': {'variance': 60, 'times_compared': 'ENROUTE_ARRIVAL', 'type': 'ACTUAL'}, 'depart': {'variance': 0, 'times_compared': 'DEPARTURE', 'type': 'ACTUAL'}}, {'code': 'GRO', 'miles': 92, 'sched_arrive': 1699822320, 'sched_depart': 1699822440, 'arrive': {'variance': 120, 'times_compared': 'ENROUTE_ARRIVAL', 'type': 'ACTUAL'}, 'depart': {'variance': 0, 'times_compared': 'DEPARTURE', 'type': 'ACTUAL'}}, {'code': 'BNC', 'miles': 113, 'sched_arrive': 1699823640, 'sched_depart': 1699823700, 'arrive': {'variance': 60, 'times_compared': 'ENROUTE_ARRIVAL', 'type': 'ACTUAL'}, 'depart': {'variance': 0, 'times_compared': 'DEPARTURE', 'type': 'ACTUAL'}}, {'code': 'DNC', 'miles': 147, 'sched_arrive': 1699826340, 'sched_depart': 1699826460, 'arrive': {'variance': 0, 'times_compared': 'ENROUTE_ARRIVAL', 'type': 'ESTIMATED'}, 'depart': {'variance': 0, 'times_compared': 'DEPARTURE', 'type': 'ESTIMATED'}}, {'code': 'CYN', 'miles': 165, 'sched_arrive': 1699827600, 'sched_depart': 1699827720, 'arrive': {'variance': 0, 'times_compared': 'ENROUTE_ARRIVAL', 'type': 'ESTIMATED'}, 'depart': {'variance': 0, 'times_compared': 'DEPARTURE', 'type': 'ESTIMATED'}}, {'code': 'RGH', 'miles': 173, 'sched_arrive': 1699828560, 'arrive': {'variance': 180, 'times_compared': 'TERMINAL_ARRIVAL', 'type': 'ESTIMATED'}}]",36.085128,-79.230395,0.0,POINT (-79.230395 36.085128),6
2023-11-12_AMTK_74,AMTRAK,2023-11-12,74,[74],Piedmont,CLT,RGH,False,1699825325,America/New_York,10,False,173,"{'latitude': 36.085376, 'longitude': -79.231845, 'heading': 90, 'speed': 0.0}","[{'code': 'CLT', 'miles': 0, 'sched_depart': 1699816800, 'depart': {'variance': 0, 'times_compared': 'DEPARTURE', 'type': 'ACTUAL'}}, {'code': 'KAN', 'miles': 26, 'sched_arrive': 1699818240, 'sched_depart': 1699818300, 'arrive': {'variance': 60, 'times_compared': 'ENROUTE_ARRIVAL', 'type': 'ACTUAL'}, 'depart': {'variance': -60, 'times_compared': 'DEPARTURE', 'type': 'ACTUAL'}}, {'code': 'SAL', 'miles': 42, 'sched_arrive': 1699819200, 'sched_depart': 1699819260, 'arrive': {'variance': -60, 'times_compared': 'ENROUTE_ARRIVAL', 'type': 'ACTUAL'}, 'depart': {'variance': -60, 'times_compared': 'DEPARTURE', 'type': 'ACTUAL'}}, {'code': 'HPT', 'miles': 76, 'sched_arrive': 1699821240, 'sched_depart': 1699821300, 'arrive': {'variance': 60, 'times_compared': 'ENROUTE_ARRIVAL', 'type': 'ACTUAL'}, 'depart': {'variance': 0, 'times_compared': 'DEPARTURE', 'type': 'ACTUAL'}}, {'code': 'GRO', 'miles': 92, 'sched_arrive': 1699822320, 'sched_depart': 1699822440, 'arrive': {'variance': 120, 'times_compared': 'ENROUTE_ARRIVAL', 'type': 'ACTUAL'}, 'depart': {'variance': 0, 'times_compared': 'DEPARTURE', 'type': 'ACTUAL'}}, {'code': 'BNC', 'miles': 113, 'sched_arrive': 1699823640, 'sched_depart': 1699823700, 'arrive': {'variance': 60, 'times_compared': 'ENROUTE_ARRIVAL', 'type': 'ACTUAL'}, 'depart': {'variance': 0, 'times_compared': 'DEPARTURE', 'type': 'ACTUAL'}}, {'code': 'DNC', 'miles': 147, 'sched_arrive': 1699826340, 'sched_depart': 1699826460, 'arrive': {'variance': -300, 'times_compared': 'ENROUTE_ARRIVAL', 'type': 'ESTIMATED'}, 'depart': {'variance': -300, 'times_compared': 'DEPARTURE', 'type': 'ESTIMATED'}}, {'code': 'CYN', 'miles': 165, 'sched_arrive': 1699827600, 'sched_depart': 1699827720, 'arrive': {'variance': -240, 'times_compared': 'ENROUTE_ARRIVAL', 'type': 'ESTIMATED'}, 'depart': {'variance': -180, 'times_compared': 'DEPARTURE', 'type': 'ESTIMATED'}}, {'code': 'RGH', 'miles': 173, 'sched_arrive': 1699828560, 'arrive': {'variance': 0, 'times_compared': 'TERMINAL_ARRIVAL', 'type': 'ESTIMATED'}}]",36.085376,-79.231845,0.0,POINT (-79.231845 36.085376),0
2023-11-12_AMTK_75,AMTRAK,2023-11-12,75,[75],Piedmont,RGH,CLT,False,1699818514,America/New_York,10,False,173,"{'latitude': 36.068649, 'longitude': -79.786929, 'heading': 370, 'speed': 0.02}","[{'code': 'RGH', 'miles': 0, 'sched_depart': 1699812000, 'depart': {'variance': 0, 'times_compared': 'DEPARTURE', 'type': 'ACTUAL'}}, {'code': 'CYN', 'miles': 8, 'sched_arrive': 1699812600, 'sched_depart': 1699812720, 'arrive': {'variance': -60, 'times_compared': 'ENROUTE_ARRIVAL', 'type': 'ACTUAL'}, 'depart': {'variance': -120, 'times_compared': 'DEPARTURE', 'type': 'ACTUAL'}}, {'code': 'DNC', 'miles': 26, 'sched_arrive': 1699813800, 'sched_depart': 1699813920, 'arrive': {'variance': -720, 'times_compared': 'ENROUTE_ARRIVAL', 'type': 'ACTUAL'}, 'depart': {'variance': -780, 'times_compared': 'DEPARTURE', 'type': 'ACTUAL'}}, {'code': 'BNC', 'miles': 60, 'sched_arrive': 1699816140, 'sched_depart': 1699816200, 'arrive': {'variance': -840, 'times_compared': 'ENROUTE_ARRIVAL', 'type': 'ACTUAL'}, 'depart': {'variance': -840, 'times_compared': 'DEPARTURE', 'type': 'ACTUAL'}}, {'code': 'GRO', 'miles': 81, 'sched_arrive': 1699817580, 'sched_depart': 1699817700, 'arrive': {'variance': -720, 'times_compared': 'ENROUTE_ARRIVAL', 'type': 'ACTUAL'}, 'depart': {'variance': -720, 'times_compared': 'DEPARTURE', 'type': 'ESTIMATED'}}, {'code': 'HPT', 'miles': 97, 'sched_arrive': 1699818660, 'sched_depart': 1699818720, 'arrive': {'variance': -660, 'times_compared': 'ENROUTE_ARRIVAL', 'type': 'ESTIMATED'}, 'depart': {'variance': -660, 'times_compared': 'DEPARTURE', 'type': 'ESTIMATED'}}, {'code': 'SAL', 'miles': 131, 'sched_arrive': 1699820640, 'sched_depart': 1699820700, 'arrive': {'variance': -600, 'times_compared': 'ENROUTE_ARRIVAL', 'type': 'ESTIMATED'}, 'depart': {'variance': -600, 'times_compared': 'DEPARTURE', 'type': 'ESTIMATED'}}, {'code': 'KAN', 'miles': 147, 'sched_arrive': 1699821660, 'sched_depart': 1699821720, 'arrive': {'variance': -540, 'times_compared': 'ENROUTE_ARRIVAL', 'type': 'ESTIMATED'}, 'depart': {'variance': -540, 'times_compared': 'DEPARTURE', 'type': 'ESTIMATED'}}, {'code': 'CLT', 'miles': 173, 'sched_arrive': 1699823400, 'arrive': {'variance': -300, 'times_compared': 'TERMINAL_ARRIVAL', 'type': 'ESTIMATED'}}]",36.068649,-79.786929,0.02,POINT (-79.786929 36.068649),51
2023-11-12_AMTK_75,AMTRAK,2023-11-12,75,[75],Piedmont,RGH,CLT,False,1699821574,America/New_York,10,False,173,"{'latitude': 35.666908, 'longitude': -80.466113, 'heading': 225, 'speed': 0.02}","[{'code': 'RGH', 'miles': 0, 'sched_depart': 1699812000, 'depart': {'variance': 0, 'times_compared': 'DEPARTURE', 'type': 'ACTUAL'}}, {'code': 'CYN', 'miles': 8, 'sched_arrive': 1699812600, 'sched_depart': 1699812720, 'arrive': {'variance': -60, 'times_compared': 'ENROUTE_ARRIVAL', 'type': 'ACTUAL'}, 'depart': {'variance': -120, 'times_compared': 'DEPARTURE', 'type': 'ACTUAL'}}, {'code': 'DNC', 'miles': 26, 'sched_arrive': 1699813800, 'sched_depart': 1699813920, 'arrive': {'variance': -720, 'times_compared': 'ENROUTE_ARRIVAL', 'type': 'ACTUAL'}, 'depart': {'variance': -780, 'times_compared': 'DEPARTURE', 'type': 'ACTUAL'}}, {'code': 'BNC', 'miles': 60, 'sched_arrive': 1699816140, 'sched_depart': 1699816200, 'arrive': {'variance': -840, 'times_compared': 'ENROUTE_ARRIVAL', 'type': 'ACTUAL'}, 'depart': {'variance': -840, 'times_compared': 'DEPARTURE', 'type': 'ACTUAL'}}, {'code': 'GRO', 'miles': 81, 'sched_arrive': 1699817580, 'sched_depart': 1699817700, 'arrive': {'variance': -720, 'times_compared': 'ENROUTE_ARRIVAL', 'type': 'ACTUAL'}, 'depart': {'variance': -840, 'times_compared': 'DEPARTURE', 'type': 'ACTUAL'}}, {'code': 'HPT', 'miles': 97, 'sched_arrive': 1699818660, 'sched_depart': 1699818720, 'arrive': {'variance': -840, 'times_compared': 'ENROUTE_ARRIVAL', 'type': 'ACTUAL'}, 'depart': {'variance': -840, 'times_compared': 'DEPARTURE', 'type': 'ACTUAL'}}, {'code': 'SAL', 'miles': 131, 'sched_arrive': 1699820640, 'sched_depart': 1699820700, 'arrive': {'variance': -840, 'times_compared': 'ENROUTE_ARRIVAL', 'type': 'ACTUAL'}, 'depart': {'variance': -900, 'times_compared': 'DEPARTURE', 'type': 'ESTIMATED'}}, {'code': 'KAN', 'miles': 147, 'sched_arrive': 1699821660, 'sched_depart': 1699821720, 'arrive': {'variance': -840, 'times_compared': 'ENROUTE_ARRIVAL', 'type': 'ESTIMATED'}, 'depart': {'variance': -840, 'times_compared': 'DEPARTURE', 'type': 'ESTIMATED'}}, {'code': 'CLT', 'miles': 173, 'sched_arrive': 1699823400, 'arrive': {'variance': -600, 'times_compared': 'TERMINAL_ARRIVAL', 'type': 'ESTIMATED'}}]",35.666908,-80.466113,0.02,POINT (-80.466113 35.666908),18
2023-11-12_AMTK_75,AMTRAK,2023-11-12,75,[75],Piedmont,RGH,CLT,False,1699822662,America/New_York,10,False,173,"{'latitude': 35.495399, 'longitude': -80.624782, 'heading': 225, 'speed': 0.0}","[{'code': 'RGH', 'miles': 0, 'sched_depart': 1699812000, 'depart': {'variance': 0, 'times_compared': 'DEPARTURE', 'type': 'ACTUAL'}}, {'code': 'CYN', 'miles': 8, 'sched_arrive': 1699812600, 'sched_depart': 1699812720, 'arrive': {'variance': -60, 'times_compared': 'ENROUTE_ARRIVAL', 'type': 'ACTUAL'}, 'depart': {'variance': -120, 'times_compared': 'DEPARTURE', 'type': 'ACTUAL'}}, {'code': 'DNC', 'miles': 26, 'sched_arrive': 1699813800, 'sched_depart': 1699813920, 'arrive': {'variance': -720, 'times_compared': 'ENROUTE_ARRIVAL', 'type': 'ACTUAL'}, 'depart': {'variance': -780, 'times_compared': 'DEPARTURE', 'type': 'ACTUAL'}}, {'code': 'BNC', 'miles': 60, 'sched_arrive': 1699816140, 'sched_depart': 1699816200, 'arrive': {'variance': -840, 'times_compared': 'ENROUTE_ARRIVAL', 'type': 'ACTUAL'}, 'depart': {'variance': -840, 'times_compared': 'DEPARTURE', 'type': 'ACTUAL'}}, {'code': 'GRO', 'miles': 81, 'sched_arrive': 1699817580, 'sched_depart': 1699817700, 'arrive': {'variance': -720, 'times_compared': 'ENROUTE_ARRIVAL', 'type': 'ACTUAL'}, 'depart': {'variance': -840, 'times_compared': 'DEPARTURE', 'type': 'ACTUAL'}}, {'code': 'HPT', 'miles': 97, 'sched_arrive': 1699818660, 'sched_depart': 1699818720, 'arrive': {'variance': -840, 'times_compared': 'ENROUTE_ARRIVAL', 'type': 'ACTUAL'}, 'depart': {'variance': -840, 'times_compared': 'DEPARTURE', 'type': 'ACTUAL'}}, {'code': 'SAL', 'miles': 131, 'sched_arrive': 1699820640, 'sched_depart': 1699820700, 'arrive': {'variance': -840, 'times_compared': 'ENROUTE_ARRIVAL', 'type': 'ACTUAL'}, 'depart': {'variance': -840, 'times_compared': 'DEPARTURE', 'type': 'ACTUAL'}}, {'code': 'KAN', 'miles': 147, 'sched_arrive': 1699821660, 'sched_depart': 1699821720, 'arrive': {'variance': -780, 'times_compared': 'ENROUTE_ARRIVAL', 'type': 'ACTUAL'}, 'depart': {'variance': -900, 'times_compared': 'DEPARTURE', 'type': 'ESTIMATED'}}, {'code': 'CLT', 'miles': 173, 'sched_arrive': 1699823400, 'arrive': {'variance': -660, 'times_compared': 'TERMINAL_ARRIVAL', 'type': 'ESTIMATED'}}]",35.495399,-80.624782,0.0,POINT (-80.624782 35.495399),0
2023-11-12_AMTK_77,AMTRAK,2023-11-12,77,[77],Piedmont,RGH,CLT,False,1699820301,America/New_York,10,False,173,"{'latitude': 35.776546, 'longitude': -78.647631, 'heading': 315, 'speed': 0.63}","[{'code': 'RGH', 'miles': 0, 'sched_depart': 1699820100, 'depart': {'variance': 0, 'times_compared': 'DEPARTURE', 'type': 'ACTUAL'}}, {'code': 'CYN', 'miles': 8, 'sched_arrive': 1699820700, 'sched_depart': 1699820820, 'arrive': {'variance': 0, 'times_compared': 'ENROUTE_ARRIVAL', 'type': 'ESTIMATED'}, 'depart': {'variance': 0, 'times_compared': 'DEPARTURE', 'type': 'ESTIMATED'}}, {'code': 'DNC', 'miles': 26, 'sched_arrive': 1699821900, 'sched_depart': 1699822020, 'arrive': {'variance': 0, 'times_compared': 'ENROUTE_ARRIVAL', 'type': 'ESTIMATED'}, 'depart': {'variance': 0, 'times_compared': 'DEPARTURE', 'type': 'ESTIMATED'}}, {'code': 'BNC', 'miles': 60, 'sched_arrive': 1699824300, 'sched_depart': 1699824360, 'arrive': {'variance': 0, 'times_compared': 'ENROUTE_ARRIVAL', 'type': 'ESTIMATED'}, 'depart': {'variance': 0, 'times_compared': 'DEPARTURE', 'type': 'ESTIMATED'}}, {'code': 'GRO', 'miles': 81, 'sched_arrive': 1699825740, 'sched_depart': 1699825860, 'arrive': {'variance': 0, 'times_compared': 'ENROUTE_ARRIVAL', 'type': 'ESTIMATED'}, 'depart': {'variance': 0, 'times_compared': 'DEPARTURE', 'type': 'ESTIMATED'}}, {'code': 'HPT', 'miles': 97, 'sched_arrive': 1699826820, 'sched_depart': 1699826880, 'arrive': {'variance': 0, 'times_compared': 'ENROUTE_ARRIVAL', 'type': 'ESTIMATED'}, 'depart': {'variance': 0, 'times_compared': 'DEPARTURE', 'type': 'ESTIMATED'}}, {'code': 'SAL', 'miles': 131, 'sched_arrive': 1699828800, 'sched_depart': 1699828860, 'arrive': {'variance': 0, 'times_compared': 'ENROUTE_ARRIVAL', 'type': 'ESTIMATED'}, 'depart': {'variance': 0, 'times_compared': 'DEPARTURE', 'type': 'ESTIMATED'}}, {'code': 'CLT', 'miles': 173, 'sched_arrive': 1699831260, 'arrive': {'variance': 60, 'times_compared': 'TERMINAL_ARRIVAL', 'type': 'ESTIMATED'}}]",35.776546,-78.647631,0.63,POINT (-78.647631 35.776546),18
2023-11-12_AMTK_77,AMTRAK,2023-11-12,77,[77],Piedmont,RGH,CLT,False,1699821377,America/New_York,10,False,173,"{'latitude': 35.789016, 'longitude': -78.782985, 'heading': 370, 'speed': 0.0}","[{'code': 'RGH', 'miles': 0, 'sched_depart': 1699820100, 'depart': {'variance': 0, 'times_compared': 'DEPARTURE', 'type': 'ACTUAL'}}, {'code': 'CYN', 'miles': 8, 'sched_arrive': 1699820700, 'sched_depart': 1699820820, 'arrive': {'variance': -480, 'times_compared': 'ENROUTE_ARRIVAL', 'type': 'ACTUAL'}, 'depart': {'variance': -480, 'times_compared': 'DEPARTURE', 'type': 'ESTIMATED'}}, {'code': 'DNC', 'miles': 26, 'sched_arrive': 1699821900, 'sched_depart': 1699822020, 'arrive': {'variance': -480, 'times_compared': 'ENROUTE_ARRIVAL', 'type': 'ESTIMATED'}, 'depart': {'variance': -420, 'times_compared': 'DEPARTURE', 'type': 'ESTIMATED'}}, {'code': 'BNC', 'miles': 60, 'sched_arrive': 1699824300, 'sched_depart': 1699824360, 'arrive': {'variance': -240, 'times_compared': 'ENROUTE_ARRIVAL', 'type': 'ESTIMATED'}, 'depart': {'variance': -240, 'times_compared': 'DEPARTURE', 'type': 'ESTIMATED'}}, {'code': 'GRO', 'miles': 81, 'sched_arrive': 1699825740, 'sched_depart': 1699825860, 'arrive': {'variance': -60, 'times_compared': 'ENROUTE_ARRIVAL', 'type': 'ESTIMATED'}, 'depart': {'variance': 0, 'times_compared': 'DEPARTURE', 'type': 'ESTIMATED'}}, {'code': 'HPT', 'miles': 97, 'sched_arrive': 1699826820, 'sched_depart': 1699826880, 'arrive': {'variance': 0, 'times_compared': 'ENROUTE_ARRIVAL', 'type': 'ESTIMATED'}, 'depart': {'variance': 0, 'times_compared': 'DEPARTURE', 'type': 'ESTIMATED'}}, {'code': 'SAL', 'miles': 131, 'sched_arrive': 1699828800, 'sched_depart': 1699828860, 'arrive': {'variance': 0, 'times_compared': 'ENROUTE_ARRIVAL', 'type': 'ESTIMATED'}, 'depart': {'variance': 0, 'times_compared': 'DEPARTURE', 'type': 'ESTIMATED'}}, {'code': 'CLT', 'miles': 173, 'sched_arrive': 1699831260, 'arrive': {'variance': 60, 'times_compared': 'TERMINAL_ARRIVAL', 'type': 'ESTIMATED'}}]",35.789016,-78.782985,0.0,POINT (-78.782985 35.789016),2
2023-11-12_AMTK_77,AMTRAK,2023-11-12,77,[77],Piedmont,RGH,CLT,False,1699821503,America/New_York,10,False,173,"{'latitude': 35.788627, 'longitude': -78.781596, 'heading': 370, 'speed': 0.0}","[{'code': 'RGH', 'miles': 0, 'sched_depart': 1699820100, 'depart': {'variance': 0, 'times_compared': 'DEPARTURE', 'type': 'ACTUAL'}}, {'code': 'CYN', 'miles': 8, 'sched_arrive': 1699820700, 'sched_depart': 1699820820, 'arrive': {'variance': -480, 'times_compared': 'ENROUTE_ARRIVAL', 'type': 'ACTUAL'}, 'depart': {'variance': -480, 'times_compared': 'DEPARTURE', 'type': 'ESTIMATED'}}, {'code': 'DNC', 'miles': 26, 'sched_arrive': 1699821900, 'sched_depart': 1699822020, 'arrive': {'variance': -480, 'times_compared': 'ENROUTE_ARRIVAL', 'type': 'ESTIMATED'}, 'depart': {'variance': -420, 'times_compared': 'DEPARTURE', 'type': 'ESTIMATED'}}, {'code': 'BNC', 'miles': 60, 'sched_arrive': 1699824300, 'sched_depart': 1699824360, 'arrive': {'variance': -240, 'times_compared': 'ENROUTE_ARRIVAL', 'type': 'ESTIMATED'}, 'depart': {'variance': -240, 'times_compared': 'DEPARTURE', 'type': 'ESTIMATED'}}, {'code': 'GRO', 'miles': 81, 'sched_arrive': 1699825740, 'sched_depart': 1699825860, 'arrive': {'variance': -60, 'times_compared': 'ENROUTE_ARRIVAL', 'type': 'ESTIMATED'}, 'depart': {'variance': 0, 'times_compared': 'DEPARTURE', 'type': 'ESTIMATED'}}, {'code': 'HPT', 'miles': 97, 'sched_arrive': 1699826820, 'sched_depart': 1699826880, 'arrive': {'variance': 0, 'times_compared': 'ENROUTE_ARRIVAL', 'type': 'ESTIMATED'}, 'depart': {'variance': 0, 'times_compared': 'DEPARTURE', 'type': 'ESTIMATED'}}, {'code': 'SAL', 'miles': 131, 'sched_arrive': 1699828800, 'sched_depart': 1699828860, 'arrive': {'variance': 0, 'times_compared': 'ENROUTE_ARRIVAL', 'type': 'ESTIMATED'}, 'depart': {'variance': 0, 'times_compared': 'DEPARTURE', 'type': 'ESTIMATED'}}, {'code': 'CLT', 'miles': 173, 'sched_arrive': 1699831260, 'arrive': {'variance': 60, 'times_compared': 'TERMINAL_ARRIVAL', 'type': 'ESTIMATED'}}]",35.788627,-78.781596,0.0,POINT (-78.781596 35.788627),10
2023-11-12_AMTK_77,AMTRAK,2023-11-12,77,[77],Piedmont,RGH,CLT,False,1699822089,America/New_York,10,False,173,"{'latitude': 35.804237, 'longitude': -78.820376, 'heading': 315, 'speed': 0.0}","[{'code': 'RGH', 'miles': 0, 'sched_depart': 1699820100, 'depart': {'variance': 0, 'times_compared': 'DEPARTURE', 'type': 'ACTUAL'}}, {'code': 'CYN', 'miles': 8, 'sched_arrive': 1699820700, 'sched_depart': 1699820820, 'arrive': {'variance': -480, 'times_compared': 'ENROUTE_ARRIVAL', 'type': 'ACTUAL'}, 'depart': {'variance': -660, 'times_compared': 'DEPARTURE', 'type': 'ACTUAL'}}, {'code': 'DNC', 'miles': 26, 'sched_arrive': 1699821900, 'sched_depart': 1699822020, 'arrive': {'variance': -840, 'times_compared': 'ENROUTE_ARRIVAL', 'type': 'ESTIMATED'}, 'depart': {'variance': -840, 'times_compared': 'DEPARTURE', 'type': 'ESTIMATED'}}, {'code': 'BNC', 'miles': 60, 'sched_arrive': 1699824300, 'sched_depart': 1699824360, 'arrive': {'variance': -660, 'times_compared': 'ENROUTE_ARRIVAL', 'type': 'ESTIMATED'}, 'depart': {'variance': -660, 'times_compared': 'DEPARTURE', 'type': 'ESTIMATED'}}, {'code': 'GRO', 'miles': 81, 'sched_arrive': 1699825740, 'sched_depart': 1699825860, 'arrive': {'variance': -480, 'times_compared': 'ENROUTE_ARRIVAL', 'type': 'ESTIMATED'}, 'depart': {'variance': -420, 'times_compared': 'DEPARTURE', 'type': 'ESTIMATED'}}, {'code': 'HPT', 'miles': 97, 'sched_arrive': 1699826820, 'sched_depart': 1699826880, 'arrive': {'variance': -360, 'times_compared': 'ENROUTE_ARRIVAL', 'type': 'ESTIMATED'}, 'depart': {'variance': -360, 'times_compared': 'DEPARTURE', 'type': 'ESTIMATED'}}, {'code': 'SAL', 'miles': 131, 'sched_arrive': 1699828800, 'sched_depart': 1699828860, 'arrive': {'variance': -300, 'times_compared': 'ENROUTE_ARRIVAL', 'type': 'ESTIMATED'}, 'depart': {'variance': -300, 'times_compared': 'DEPARTURE', 'type': 'ESTIMATED'}}, {'code': 'CLT', 'miles': 173, 'sched_arrive': 1699831260, 'arrive': {'variance': -240, 'times_compared': 'TERMINAL_ARRIVAL', 'type': 'ESTIMATED'}}]",35.804237,-78.820376,0.0,POINT (-78.820376 35.804237),10
2023-11-12_AMTK_77,AMTRAK,2023-11-12,77,[77],Piedmont,RGH,CLT,False,1699822673,America/New_York,10,False,173,"{'latitude': 35.839996, 'longitude': -78.832316, 'heading': 315, 'speed': 0.32}","[{'code': 'RGH', 'miles': 0, 'sched_depart': 1699820100, 'depart': {'variance': 0, 'times_compared': 'DEPARTURE', 'type': 'ACTUAL'}}, {'code': 'CYN', 'miles': 8, 'sched_arrive': 1699820700, 'sched_depart': 1699820820, 'arrive': {'variance': -480, 'times_compared': 'ENROUTE_ARRIVAL', 'type': 'ACTUAL'}, 'depart': {'variance': -660, 'times_compared': 'DEPARTURE', 'type': 'ACTUAL'}}, {'code': 'DNC', 'miles': 26, 'sched_arrive': 1699821900, 'sched_depart': 1699822020, 'arrive': {'variance': -1320, 'times_compared': 'ENROUTE_ARRIVAL', 'type': 'ESTIMATED'}, 'depart': {'variance': -1320, 'times_compared': 'DEPARTURE', 'type': 'ESTIMATED'}}, {'code': 'BNC', 'miles': 60, 'sched_arrive': 1699824300, 'sched_depart': 1699824360, 'arrive': {'variance': -1140, 'times_compared': 'ENROUTE_ARRIVAL', 'type': 'ESTIMATED'}, 'depart': {'variance': -1140, 'times_compared': 'DEPARTURE', 'type': 'ESTIMATED'}}, {'code': 'GRO', 'miles': 81, 'sched_arrive': 1699825740, 'sched_depart': 1699825860, 'arrive': {'variance': -960, 'times_compared': 'ENROUTE_ARRIVAL', 'type': 'ESTIMATED'}, 'depart': {'variance': -900, 'times_compared': 'DEPARTURE', 'type': 'ESTIMATED'}}, {'code': 'HPT', 'miles': 97, 'sched_arrive': 1699826820, 'sched_depart': 1699826880, 'arrive': {'variance': -840, 'times_compared': 'ENROUTE_ARRIVAL', 'type': 'ESTIMATED'}, 'depart': {'variance': -840, 'times_compared': 'DEPARTURE', 'type': 'ESTIMATED'}}, {'code': 'SAL', 'miles': 131, 'sched_arrive': 1699828800, 'sched_depart': 1699828860, 'arrive': {'variance': -780, 'times_compared': 'ENROUTE_ARRIVAL', 'type': 'ESTIMATED'}, 'depart': {'variance': -780, 'times_compared': 'DEPARTURE', 'type': 'ESTIMATED'}}, {'code': 'CLT', 'miles': 173, 'sched_arrive': 1699831260, 'arrive': {'variance': -720, 'times_compared': 'TERMINAL_ARRIVAL', 'type': 'ESTIMATED'}}]",35.839996,-78.832316,0.32,POINT (-78.832316 35.839996),18
2023-11-12_AMTK_77,AMTRAK,2023-11-12,77,[77],Piedmont,RGH,CLT,False,1699823739,America/New_York,10,False,173,"{'latitude': 35.996978, 'longitude': -78.906314, 'heading': 315, 'speed': 0.0}","[{'code': 'RGH', 'miles': 0, 'sched_depart': 1699820100, 'depart': {'variance': 0, 'times_compared': 'DEPARTURE', 'type': 'ACTUAL'}}, {'code': 'CYN', 'miles': 8, 'sched_arrive': 1699820700, 'sched_depart': 1699820820, 'arrive': {'variance': -480, 'times_compared': 'ENROUTE_ARRIVAL', 'type': 'ACTUAL'}, 'depart': {'variance': -660, 'times_compared': 'DEPARTURE', 'type': 'ACTUAL'}}, {'code': 'DNC', 'miles': 26, 'sched_arrive': 1699821900, 'sched_depart': 1699822020, 'arrive': {'variance': -1560, 'times_compared': 'ENROUTE_ARRIVAL', 'type': 'ACTUAL'}, 'depart': {'variance': -1500, 'times_compared': 'DEPARTURE', 'type': 'ESTIMATED'}}, {'code': 'BNC', 'miles': 60, 'sched_arrive': 1699824300, 'sched_depart': 1699824360, 'arrive': {'variance': -1320, 'times_compared': 'ENROUTE_ARRIVAL', 'type': 'ESTIMATED'}, 'depart': {'variance': -1320, 'times_compared': 'DEPARTURE', 'type': 'ESTIMATED'}}, {'code': 'GRO', 'miles': 81, 'sched_arrive': 1699825740, 'sched_depart': 1699825860, 'arrive': {'variance': -1140, 'times_compared': 'ENROUTE_ARRIVAL', 'type': 'ESTIMATED'}, 'depart': {'variance': -1080, 'times_compared': 'DEPARTURE', 'type': 'ESTIMATED'}}, {'code': 'HPT', 'miles': 97, 'sched_arrive': 1699826820, 'sched_depart': 1699826880, 'arrive': {'variance': -1020, 'times_compared': 'ENROUTE_ARRIVAL', 'type': 'ESTIMATED'}, 'depart': {'variance': -1020, 'times_compared': 'DEPARTURE', 'type': 'ESTIMATED'}}, {'code': 'SAL', 'miles': 131, 'sched_arrive': 1699828800, 'sched_depart': 1699828860, 'arrive': {'variance': -960, 'times_compared': 'ENROUTE_ARRIVAL', 'type': 'ESTIMATED'}, 'depart': {'variance': -960, 'times_compared': 'DEPARTURE', 'type': 'ESTIMATED'}}, {'code': 'CLT', 'miles': 173, 'sched_arrive': 1699831260, 'arrive': {'variance': -900, 'times_compared': 'TERMINAL_ARRIVAL', 'type': 'ESTIMATED'}}]",35.996978,-78.906314,0.0,POINT (-78.906314 35.996978),42
2023-11-12_AMTK_77,AMTRAK,2023-11-12,77,[77],Piedmont,RGH,CLT,False,1699826260,America/New_York,10,False,173,"{'latitude': 36.094459, 'longitude': -79.435245, 'heading': 315, 'speed': 0.0}","[{'code': 'RGH', 'miles': 0, 'sched_depart': 1699820100, 'depart': {'variance': 0, 'times_compared': 'DEPARTURE', 'type': 'ACTUAL'}}, {'code': 'CYN', 'miles': 8, 'sched_arrive': 1699820700, 'sched_depart': 1699820820, 'arrive': {'variance': -480, 'times_compared': 'ENROUTE_ARRIVAL', 'type': 'ACTUAL'}, 'depart': {'variance': -660, 'times_compared': 'DEPARTURE', 'type': 'ACTUAL'}}, {'code': 'DNC', 'miles': 26, 'sched_arrive': 1699821900, 'sched_depart': 1699822020, 'arrive': {'variance': -1560, 'times_compared': 'ENROUTE_ARRIVAL', 'type': 'ACTUAL'}, 'depart': {'variance': -1620, 'times_compared': 'DEPARTURE', 'type': 'ACTUAL'}}, {'code': 'BNC', 'miles': 60, 'sched_arrive': 1699824300, 'sched_depart': 1699824360, 'arrive': {'variance': -1680, 'times_compared': 'ENROUTE_ARRIVAL', 'type': 'ACTUAL'}, 'depart': {'variance': -1800, 'times_compared': 'DEPARTURE', 'type': 'ESTIMATED'}}, {'code': 'GRO', 'miles': 81, 'sched_arrive': 1699825740, 'sched_depart': 1699825860, 'arrive': {'variance': -1620, 'times_compared': 'ENROUTE_ARRIVAL', 'type': 'ESTIMATED'}, 'depart': {'variance': -1560, 'times_compared': 'DEPARTURE', 'type': 'ESTIMATED'}}, {'code': 'HPT', 'miles': 97, 'sched_arrive': 1699826820, 'sched_depart': 1699826880, 'arrive': {'variance': -1500, 'times_compared': 'ENROUTE_ARRIVAL', 'type': 'ESTIMATED'}, 'depart': {'variance': -1500, 'times_compared': 'DEPARTURE', 'type': 'ESTIMATED'}}, {'code': 'SAL', 'miles': 131, 'sched_arrive': 1699828800, 'sched_depart': 1699828860, 'arrive': {'variance': -1440, 'times_compared': 'ENROUTE_ARRIVAL', 'type': 'ESTIMATED'}, 'depart': {'variance': -1440, 'times_compared': 'DEPARTURE', 'type': 'ESTIMATED'}}, {'code': 'CLT', 'miles': 173, 'sched_arrive': 1699831260, 'arrive': {'variance': -1380, 'times_compared': 'TERMINAL_ARRIVAL', 'type': 'ESTIMATED'}}]",36.094459,-79.435245,0.0,POINT (-79.435245 36.094459),0
2023-11-12_AMTK_79,AMTRAK,2023-11-12,79,[79],Carolinian,NYP,CLT,False,1699819955,America/New_York,30,False,705,"{'latitude': 36.345638, 'longitude': -77.603907, 'heading': 135, 'speed': 0.29}","[{'code': 'NYP', 'miles': 0, 'sched_depart': 1699791420, 'depart': {'variance': -420, 'times_compared': 'DEPARTURE', 'type': 'ACTUAL'}}, {'code': 'NWK', 'miles': 10, 'sched_arrive': 1699792500, 'sched_depart': 1699792740, 'arrive': {'variance': -180, 'times_compared': 'ENROUTE_ARRIVAL', 'type': 'ACTUAL'}, 'depart': {'variance': -180, 'times_compared': 'DEPARTURE', 'type': 'ACTUAL'}}, {'code': 'TRE', 'miles': 58, 'sched_arrive': 1699794960, 'sched_depart': 1699795200, 'arrive': {'variance': -60, 'times_compared': 'ENROUTE_ARRIVAL', 'type': 'ACTUAL'}, 'depart': {'variance': 0, 'times_compared': 'DEPARTURE', 'type': 'ACTUAL'}}, {'code': 'PHL', 'miles': 91, 'sched_arrive': 1699796940, 'sched_depart': 1699797240, 'arrive': {'variance': 180, 'times_compared': 'ENROUTE_ARRIVAL', 'type': 'ACTUAL'}, 'depart': {'variance': 0, 'times_compared': 'DEPARTURE', 'type': 'ACTUAL'}}, {'code': 'WIL', 'miles': 116, 'sched_arrive': 1699798440, 'sched_depart': 1699798620, 'arrive': {'variance': 0, 'times_compared': 'ENROUTE_ARRIVAL', 'type': 'ACTUAL'}, 'depart': {'variance': -120, 'times_compared': 'DEPARTURE', 'type': 'ACTUAL'}}, {'code': 'BAL', 'miles': 185, 'sched_arrive': 1699801320, 'sched_depart': 1699801620, 'arrive': {'variance': -300, 'times_compared': 'ENROUTE_ARRIVAL', 'type': 'ACTUAL'}, 'depart': {'variance': -240, 'times_compared': 'DEPARTURE', 'type': 'ACTUAL'}}, {'code': 'WAS', 'miles': 226, 'sched_arrive': 1699803960, 'sched_depart': 1699805280, 'arrive': {'variance': 240, 'times_compared': 'ENROUTE_ARRIVAL', 'type': 'ACTUAL'}, 'depart': {'variance': -660, 'times_compared': 'DEPARTURE', 'type': 'ACTUAL'}}, {'code': 'ALX', 'miles': 234, 'sched_arrive': 1699806180, 'sched_depart': 1699806360, 'arrive': {'variance': -960, 'times_compared': 'ENROUTE_ARRIVAL', 'type': 'ACTUAL'}, 'depart': {'variance': -1140, 'times_compared': 'DEPARTURE', 'type': 'ACTUAL'}}, {'code': 'QAN', 'miles': 260, 'sched_arrive': 1699808040, 'sched_depart': 1699808160, 'arrive': {'variance': -1140, 'times_compared': 'ENROUTE_ARRIVAL', 'type': 'ACTUAL'}, 'depart': {'variance': -1140, 'times_compared': 'DEPARTURE', 'type': 'ACTUAL'}}, {'code': 'FBG', 'miles': 280, 'sched_arrive': 1699809420, 'sched_depart': 1699809540, 'arrive': {'variance': -960, 'times_compared': 'ENROUTE_ARRIVAL', 'type': 'ACTUAL'}, 'depart': {'variance': -1020, 'times_compared': 'DEPARTURE', 'type': 'ACTUAL'}}, {'code': 'RVR', 'miles': 335, 'sched_arrive': 1699813620, 'sched_depart': 1699814160, 'arrive': {'variance': -300, 'times_compared': 'ENROUTE_ARRIVAL', 'type': 'ACTUAL'}, 'depart': {'variance': -180, 'times_compared': 'DEPARTURE', 'type': 'ACTUAL'}}, {'code': 'PTB', 'miles': 363, 'sched_arrive': 1699816260, 'sched_depart': 1699816380, 'arrive': {'variance': 60, 'times_compared': 'ENROUTE_ARRIVAL', 'type': 'ACTUAL'}, 'depart': {'variance': 0, 'times_compared': 'DEPARTURE', 'type': 'ACTUAL'}}, {'code': 'RMT', 'miles': 461, 'sched_arrive': 1699821720, 'sched_depart': 1699821960, 'arrive': {'variance': 420, 'times_compared': 'ENROUTE_ARRIVAL', 'type': 'ESTIMATED'}, 'depart': {'variance': 0, 'times_compared': 'DEPARTURE', 'type': 'ESTIMATED'}}, {'code': 'WLN', 'miles': 477, 'sched_arrive': 1699822860, 'sched_depart': 1699823100, 'arrive': {'variance': 0, 'times_compared': 'ENROUTE_ARRIVAL', 'type': 'ESTIMATED'}, 'depart': {'variance': 0, 'times_compared': 'DEPARTURE', 'type': 'ESTIMATED'}}, {'code': 'SSM', 'miles': 503, 'sched_depart': 1699825080, 'arrive': {'variance': 0, 'times_compared': 'MISMATCH_ARRIVAL', 'type': 'ESTIMATED'}, 'depart': {'variance': 0, 'times_compared': 'DEPARTURE', 'type': 'ESTIMATED'}}, {'code': 'RGH', 'miles': 532, 'sched_arrive': 1699827720, 'sched_depart': 1699828200, 'arrive': {'variance': 0, 'times_compared': 'ENROUTE_ARRIVAL', 'type': 'ESTIMATED'}, 'depart': {'variance': 0, 'times_compared': 'DEPARTURE', 'type': 'ESTIMATED'}}, {'code': 'CYN', 'miles': 540, 'sched_arrive': 1699828860, 'sched_depart': 1699828980, 'arrive': {'variance': 0, 'times_compared': 'ENROUTE_ARRIVAL', 'type': 'ESTIMATED'}, 'depart': {'variance': 0, 'times_compared': 'DEPARTURE', 'type': 'ESTIMATED'}}, {'code': 'DNC', 'miles': 558, 'sched_arrive': 1699830060, 'sched_depart': 1699830240, 'arrive': {'variance': 0, 'times_compared': 'ENROUTE_ARRIVAL', 'type': 'ESTIMATED'}, 'depart': {'variance': 0, 'times_compared': 'DEPARTURE', 'type': 'ESTIMATED'}}, {'code': 'BNC', 'miles': 592, 'sched_arrive': 1699832400, 'sched_depart': 1699832460, 'arrive': {'variance': 0, 'times_compared': 'ENROUTE_ARRIVAL', 'type': 'ESTIMATED'}, 'depart': {'variance': 0, 'times_compared': 'DEPARTURE', 'type': 'ESTIMATED'}}, {'code': 'GRO', 'miles': 613, 'sched_arrive': 1699834320, 'sched_depart': 1699834560, 'arrive': {'variance': 0, 'times_compared': 'ENROUTE_ARRIVAL', 'type': 'ESTIMATED'}, 'depart': {'variance': 0, 'times_compared': 'DEPARTURE', 'type': 'ESTIMATED'}}, {'code': 'HPT', 'miles': 629, 'sched_arrive': 1699835460, 'sched_depart': 1699835520, 'arrive': {'variance': 0, 'times_compared': 'ENROUTE_ARRIVAL', 'type': 'ESTIMATED'}, 'depart': {'variance': 0, 'times_compared': 'DEPARTURE', 'type': 'ESTIMATED'}}, {'code': 'SAL', 'miles': 663, 'sched_arrive': 1699837440, 'sched_depart': 1699837560, 'arrive': {'variance': 0, 'times_compared': 'ENROUTE_ARRIVAL', 'type': 'ESTIMATED'}, 'depart': {'variance': 0, 'times_compared': 'DEPARTURE', 'type': 'ESTIMATED'}}, {'code': 'KAN', 'miles': 679, 'sched_arrive': 1699838520, 'sched_depart': 1699838580, 'arrive': {'variance': 0, 'times_compared': 'ENROUTE_ARRIVAL', 'type': 'ESTIMATED'}, 'depart': {'variance': 0, 'times_compared': 'DEPARTURE', 'type': 'ESTIMATED'}}, {'code': 'CLT', 'miles': 705, 'sched_arrive': 1699840560, 'arrive': {'variance': 480, 'times_compared': 'TERMINAL_ARRIVAL', 'type': 'ESTIMATED'}}]",36.345638,-77.603907,0.29,POINT (-77.603907 36.345638),3
2023-11-12_AMTK_79,AMTRAK,2023-11-12,79,[79],Carolinian,NYP,CLT,False,1699820136,America/New_York,30,False,705,"{'latitude': 36.345275, 'longitude': -77.603648, 'heading': 135, 'speed': 0.18}","[{'code': 'NYP', 'miles': 0, 'sched_depart': 1699791420, 'depart': {'variance': -420, 'times_compared': 'DEPARTURE', 'type': 'ACTUAL'}}, {'code': 'NWK', 'miles': 10, 'sched_arrive': 1699792500, 'sched_depart': 1699792740, 'arrive': {'variance': -180, 'times_compared': 'ENROUTE_ARRIVAL', 'type': 'ACTUAL'}, 'depart': {'variance': -180, 'times_compared': 'DEPARTURE', 'type': 'ACTUAL'}}, {'code': 'TRE', 'miles': 58, 'sched_arrive': 1699794960, 'sched_depart': 1699795200, 'arrive': {'variance': -60, 'times_compared': 'ENROUTE_ARRIVAL', 'type': 'ACTUAL'}, 'depart': {'variance': 0, 'times_compared': 'DEPARTURE', 'type': 'ACTUAL'}}, {'code': 'PHL', 'miles': 91, 'sched_arrive': 1699796940, 'sched_depart': 1699797240, 'arrive': {'variance': 180, 'times_compared': 'ENROUTE_ARRIVAL', 'type': 'ACTUAL'}, 'depart': {'variance': 0, 'times_compared': 'DEPARTURE', 'type': 'ACTUAL'}}, {'code': 'WIL', 'miles': 116, 'sched_arrive': 1699798440, 'sched_depart': 1699798620, 'arrive': {'variance': 0, 'times_compared': 'ENROUTE_ARRIVAL', 'type': 'ACTUAL'}, 'depart': {'variance': -120, 'times_compared': 'DEPARTURE', 'type': 'ACTUAL'}}, {'code': 'BAL', 'miles': 185, 'sched_arrive': 1699801320, 'sched_depart': 1699801620, 'arrive': {'variance': -300, 'times_compared': 'ENROUTE_ARRIVAL', 'type': 'ACTUAL'}, 'depart': {'variance': -240, 'times_compared': 'DEPARTURE', 'type': 'ACTUAL'}}, {'code': 'WAS', 'miles': 226, 'sched_arrive': 1699803960, 'sched_depart': 1699805280, 'arrive': {'variance': 240, 'times_compared': 'ENROUTE_ARRIVAL', 'type': 'ACTUAL'}, 'depart': {'variance': -660, 'times_compared': 'DEPARTURE', 'type': 'ACTUAL'}}, {'code': 'ALX', 'miles': 234, 'sched_arrive': 1699806180, 'sched_depart': 1699806360, 'arrive': {'variance': -960, 'times_compared': 'ENROUTE_ARRIVAL', 'type': 'ACTUAL'}, 'depart': {'variance': -1140, 'times_compared': 'DEPARTURE', 'type': 'ACTUAL'}}, {'code': 'QAN', 'miles': 260, 'sched_arrive': 1699808040, 'sched_depart': 1699808160, 'arrive': {'variance': -1140, 'times_compared': 'ENROUTE_ARRIVAL', 'type': 'ACTUAL'}, 'depart': {'variance': -1140, 'times_compared': 'DEPARTURE', 'type': 'ACTUAL'}}, {'code': 'FBG', 'miles': 280, 'sched_arrive': 1699809420, 'sched_depart': 1699809540, 'arrive': {'variance': -960, 'times_compared': 'ENROUTE_ARRIVAL', 'type': 'ACTUAL'}, 'depart': {'variance': -1020, 'times_compared': 'DEPARTURE', 'type': 'ACTUAL'}}, {'code': 'RVR', 'miles': 335, 'sched_arrive': 1699813620, 'sched_depart': 1699814160, 'arrive': {'variance': -300, 'times_compared': 'ENROUTE_ARRIVAL', 'type': 'ACTUAL'}, 'depart': {'variance': -180, 'times_compared': 'DEPARTURE', 'type': 'ACTUAL'}}, {'code': 'PTB', 'miles': 363, 'sched_arrive': 1699816260, 'sched_depart': 1699816380, 'arrive': {'variance': 60, 'times_compared': 'ENROUTE_ARRIVAL', 'type': 'ACTUAL'}, 'depart': {'variance': 0, 'times_compared': 'DEPARTURE', 'type': 'ACTUAL'}}, {'code': 'RMT', 'miles': 461, 'sched_arrive': 1699821720, 'sched_depart': 1699821960, 'arrive': {'variance': 420, 'times_compared': 'ENROUTE_ARRIVAL', 'type': 'ESTIMATED'}, 'depart': {'variance': 0, 'times_compared': 'DEPARTURE', 'type': 'ESTIMATED'}}, {'code': 'WLN', 'miles': 477, 'sched_arrive': 1699822860, 'sched_depart': 1699823100, 'arrive': {'variance': 0, 'times_compared': 'ENROUTE_ARRIVAL', 'type': 'ESTIMATED'}, 'depart': {'variance': 0, 'times_compared': 'DEPARTURE', 'type': 'ESTIMATED'}}, {'code': 'SSM', 'miles': 503, 'sched_depart': 1699825080, 'arrive': {'variance': 0, 'times_compared': 'MISMATCH_ARRIVAL', 'type': 'ESTIMATED'}, 'depart': {'variance': 0, 'times_compared': 'DEPARTURE', 'type': 'ESTIMATED'}}, {'code': 'RGH', 'miles': 532, 'sched_arrive': 1699827720, 'sched_depart': 1699828200, 'arrive': {'variance': 0, 'times_compared': 'ENROUTE_ARRIVAL', 'type': 'ESTIMATED'}, 'depart': {'variance': 0, 'times_compared': 'DEPARTURE', 'type': 'ESTIMATED'}}, {'code': 'CYN', 'miles': 540, 'sched_arrive': 1699828860, 'sched_depart': 1699828980, 'arrive': {'variance': 0, 'times_compared': 'ENROUTE_ARRIVAL', 'type': 'ESTIMATED'}, 'depart': {'variance': 0, 'times_compared': 'DEPARTURE', 'type': 'ESTIMATED'}}, {'code': 'DNC', 'miles': 558, 'sched_arrive': 1699830060, 'sched_depart': 1699830240, 'arrive': {'variance': 0, 'times_compared': 'ENROUTE_ARRIVAL', 'type': 'ESTIMATED'}, 'depart': {'variance': 0, 'times_compared': 'DEPARTURE', 'type': 'ESTIMATED'}}, {'code': 'BNC', 'miles': 592, 'sched_arrive': 1699832400, 'sched_depart': 1699832460, 'arrive': {'variance': 0, 'times_compared': 'ENROUTE_ARRIVAL', 'type': 'ESTIMATED'}, 'depart': {'variance': 0, 'times_compared': 'DEPARTURE', 'type': 'ESTIMATED'}}, {'code': 'GRO', 'miles': 613, 'sched_arrive': 1699834320, 'sched_depart': 1699834560, 'arrive': {'variance': 0, 'times_compared': 'ENROUTE_ARRIVAL', 'type': 'ESTIMATED'}, 'depart': {'variance': 0, 'times_compared': 'DEPARTURE', 'type': 'ESTIMATED'}}, {'code': 'HPT', 'miles': 629, 'sched_arrive': 1699835460, 'sched_depart': 1699835520, 'arrive': {'variance': 0, 'times_compared': 'ENROUTE_ARRIVAL', 'type': 'ESTIMATED'}, 'depart': {'variance': 0, 'times_compared': 'DEPARTURE', 'type': 'ESTIMATED'}}, {'code': 'SAL', 'miles': 663, 'sched_arrive': 1699837440, 'sched_depart': 1699837560, 'arrive': {'variance': 0, 'times_compared': 'ENROUTE_ARRIVAL', 'type': 'ESTIMATED'}, 'depart': {'variance': 0, 'times_compared': 'DEPARTURE', 'type': 'ESTIMATED'}}, {'code': 'KAN', 'miles': 679, 'sched_arrive': 1699838520, 'sched_depart': 1699838580, 'arrive': {'variance': 0, 'times_compared': 'ENROUTE_ARRIVAL', 'type': 'ESTIMATED'}, 'depart': {'variance': 0, 'times_compared': 'DEPARTURE', 'type': 'ESTIMATED'}}, {'code': 'CLT', 'miles': 705, 'sched_arrive': 1699840560, 'arrive': {'variance': 480, 'times_compared': 'TERMINAL_ARRIVAL', 'type': 'ESTIMATED'}}]",36.345275,-77.603648,0.18,POINT (-77.603648 36.345275),33
2023-11-12_AMTK_79,AMTRAK,2023-11-12,79,[79],Carolinian,NYP,CLT,False,1699822109,America/New_York,30,False,705,"{'latitude': 35.937999, 'longitude': -77.797167, 'heading': 180, 'speed': 0.1}","[{'code': 'NYP', 'miles': 0, 'sched_depart': 1699791420, 'depart': {'variance': -420, 'times_compared': 'DEPARTURE', 'type': 'ACTUAL'}}, {'code': 'NWK', 'miles': 10, 'sched_arrive': 1699792500, 'sched_depart': 1699792740, 'arrive': {'variance': -180, 'times_compared': 'ENROUTE_ARRIVAL', 'type': 'ACTUAL'}, 'depart': {'variance': -180, 'times_compared': 'DEPARTURE', 'type': 'ACTUAL'}}, {'code': 'TRE', 'miles': 58, 'sched_arrive': 1699794960, 'sched_depart': 1699795200, 'arrive': {'variance': -60, 'times_compared': 'ENROUTE_ARRIVAL', 'type': 'ACTUAL'}, 'depart': {'variance': 0, 'times_compared': 'DEPARTURE', 'type': 'ACTUAL'}}, {'code': 'PHL', 'miles': 91, 'sched_arrive': 1699796940, 'sched_depart': 1699797240, 'arrive': {'variance': 180, 'times_compared': 'ENROUTE_ARRIVAL', 'type': 'ACTUAL'}, 'depart': {'variance': 0, 'times_compared': 'DEPARTURE', 'type': 'ACTUAL'}}, {'code': 'WIL', 'miles': 116, 'sched_arrive': 1699798440, 'sched_depart': 1699798620, 'arrive': {'variance': 0, 'times_compared': 'ENROUTE_ARRIVAL', 'type': 'ACTUAL'}, 'depart': {'variance': -120, 'times_compared': 'DEPARTURE', 'type': 'ACTUAL'}}, {'code': 'BAL', 'miles': 185, 'sched_arrive': 1699801320, 'sched_depart': 1699801620, 'arrive': {'variance': -300, 'times_compared': 'ENROUTE_ARRIVAL', 'type': 'ACTUAL'}, 'depart': {'variance': -240, 'times_compared': 'DEPARTURE', 'type': 'ACTUAL'}}, {'code': 'WAS', 'miles': 226, 'sched_arrive': 1699803960, 'sched_depart': 1699805280, 'arrive': {'variance': 240, 'times_compared': 'ENROUTE_ARRIVAL', 'type': 'ACTUAL'}, 'depart': {'variance': -660, 'times_compared': 'DEPARTURE', 'type': 'ACTUAL'}}, {'code': 'ALX', 'miles': 234, 'sched_arrive': 1699806180, 'sched_depart': 1699806360, 'arrive': {'variance': -960, 'times_compared': 'ENROUTE_ARRIVAL', 'type': 'ACTUAL'}, 'depart': {'variance': -1140, 'times_compared': 'DEPARTURE', 'type': 'ACTUAL'}}, {'code': 'QAN', 'miles': 260, 'sched_arrive': 1699808040, 'sched_depart': 1699808160, 'arrive': {'variance': -1140, 'times_compared': 'ENROUTE_ARRIVAL', 'type': 'ACTUAL'}, 'depart': {'variance': -1140, 'times_compared': 'DEPARTURE', 'type': 'ACTUAL'}}, {'code': 'FBG', 'miles': 280, 'sched_arrive': 1699809420, 'sched_depart': 1699809540, 'arrive': {'variance': -960, 'times_compared': 'ENROUTE_ARRIVAL', 'type': 'ACTUAL'}, 'depart': {'variance': -1020, 'times_compared': 'DEPARTURE', 'type': 'ACTUAL'}}, {'code': 'RVR', 'miles': 335, 'sched_arrive': 1699813620, 'sched_depart': 1699814160, 'arrive': {'variance': -300, 'times_compared': 'ENROUTE_ARRIVAL', 'type': 'ACTUAL'}, 'depart': {'variance': -180, 'times_compared': 'DEPARTURE', 'type': 'ACTUAL'}}, {'code': 'PTB', 'miles': 363, 'sched_arrive': 1699816260, 'sched_depart': 1699816380, 'arrive': {'variance': 60, 'times_compared': 'ENROUTE_ARRIVAL', 'type': 'ACTUAL'}, 'depart': {'variance': 0, 'times_compared': 'DEPARTURE', 'type': 'ACTUAL'}}, {'code': 'RMT', 'miles': 461, 'sched_arrive': 1699821720, 'sched_depart': 1699821960, 'arrive': {'variance': -180, 'times_compared': 'ENROUTE_ARRIVAL', 'type': 'ACTUAL'}, 'depart': {'variance': -60, 'times_compared': 'DEPARTURE', 'type': 'ESTIMATED'}}, {'code': 'WLN', 'miles': 477, 'sched_arrive': 1699822860, 'sched_depart': 1699823100, 'arrive': {'variance': 0, 'times_compared': 'ENROUTE_ARRIVAL', 'type': 'ESTIMATED'}, 'depart': {'variance': 0, 'times_compared': 'DEPARTURE', 'type': 'ESTIMATED'}}, {'code': 'SSM', 'miles': 503, 'sched_depart': 1699825080, 'arrive': {'variance': 0, 'times_compared': 'MISMATCH_ARRIVAL', 'type': 'ESTIMATED'}, 'depart': {'variance': -60, 'times_compared': 'DEPARTURE', 'type': 'ESTIMATED'}}, {'code': 'RGH', 'miles': 532, 'sched_arrive': 1699827720, 'sched_depart': 1699828200, 'arrive': {'variance': 0, 'times_compared': 'ENROUTE_ARRIVAL', 'type': 'ESTIMATED'}, 'depart': {'variance': 0, 'times_compared': 'DEPARTURE', 'type': 'ESTIMATED'}}, {'code': 'CYN', 'miles': 540, 'sched_arrive': 1699828860, 'sched_depart': 1699828980, 'arrive': {'variance': 0, 'times_compared': 'ENROUTE_ARRIVAL', 'type': 'ESTIMATED'}, 'depart': {'variance': 0, 'times_compared': 'DEPARTURE', 'type': 'ESTIMATED'}}, {'code': 'DNC', 'miles': 558, 'sched_arrive': 1699830060, 'sched_depart': 1699830240, 'arrive': {'variance': 0, 'times_compared': 'ENROUTE_ARRIVAL', 'type': 'ESTIMATED'}, 'depart': {'variance': 0, 'times_compared': 'DEPARTURE', 'type': 'ESTIMATED'}}, {'code': 'BNC', 'miles': 592, 'sched_arrive': 1699832400, 'sched_depart': 1699832460, 'arrive': {'variance': 0, 'times_compared': 'ENROUTE_ARRIVAL', 'type': 'ESTIMATED'}, 'depart': {'variance': 0, 'times_compared': 'DEPARTURE', 'type': 'ESTIMATED'}}, {'code': 'GRO', 'miles': 613, 'sched_arrive': 1699834320, 'sched_depart': 1699834560, 'arrive': {'variance': 0, 'times_compared': 'ENROUTE_ARRIVAL', 'type': 'ESTIMATED'}, 'depart': {'variance': 0, 'times_compared': 'DEPARTURE', 'type': 'ESTIMATED'}}, {'code': 'HPT', 'miles': 629, 'sched_arrive': 1699835460, 'sched_depart': 1699835520, 'arrive': {'variance': 0, 'times_compared': 'ENROUTE_ARRIVAL', 'type': 'ESTIMATED'}, 'depart': {'variance': 0, 'times_compared': 'DEPARTURE', 'type': 'ESTIMATED'}}, {'code': 'SAL', 'miles': 663, 'sched_arrive': 1699837440, 'sched_depart': 1699837560, 'arrive': {'variance': 0, 'times_compared': 'ENROUTE_ARRIVAL', 'type': 'ESTIMATED'}, 'depart': {'variance': 0, 'times_compared': 'DEPARTURE', 'type': 'ESTIMATED'}}, {'code': 'KAN', 'miles': 679, 'sched_arrive': 1699838520, 'sched_depart': 1699838580, 'arrive': {'variance': 0, 'times_compared': 'ENROUTE_ARRIVAL', 'type': 'ESTIMATED'}, 'depart': {'variance': 0, 'times_compared': 'DEPARTURE', 'type': 'ESTIMATED'}}, {'code': 'CLT', 'miles': 705, 'sched_arrive': 1699840560, 'arrive': {'variance': 480, 'times_compared': 'TERMINAL_ARRIVAL', 'type': 'ESTIMATED'}}]",35.937999,-77.797167,0.1,POINT (-77.797167 35.937999),18
2023-11-12_AMTK_79,AMTRAK,2023-11-12,79,[79],Carolinian,NYP,CLT,False,1699823187,America/New_York,30,False,705,"{'latitude': 35.723346, 'longitude': -77.907534, 'heading': 225, 'speed': 0.03}","[{'code': 'NYP', 'miles': 0, 'sched_depart': 1699791420, 'depart': {'variance': -420, 'times_compared': 'DEPARTURE', 'type': 'ACTUAL'}}, {'code': 'NWK', 'miles': 10, 'sched_arrive': 1699792500, 'sched_depart': 1699792740, 'arrive': {'variance': -180, 'times_compared': 'ENROUTE_ARRIVAL', 'type': 'ACTUAL'}, 'depart': {'variance': -180, 'times_compared': 'DEPARTURE', 'type': 'ACTUAL'}}, {'code': 'TRE', 'miles': 58, 'sched_arrive': 1699794960, 'sched_depart': 1699795200, 'arrive': {'variance': -60, 'times_compared': 'ENROUTE_ARRIVAL', 'type': 'ACTUAL'}, 'depart': {'variance': 0, 'times_compared': 'DEPARTURE', 'type': 'ACTUAL'}}, {'code': 'PHL', 'miles': 91, 'sched_arrive': 1699796940, 'sched_depart': 1699797240, 'arrive': {'variance': 180, 'times_compared': 'ENROUTE_ARRIVAL', 'type': 'ACTUAL'}, 'depart': {'variance': 0, 'times_compared': 'DEPARTURE', 'type': 'ACTUAL'}}, {'code': 'WIL', 'miles': 116, 'sched_arrive': 1699798440, 'sched_depart': 1699798620, 'arrive': {'variance': 0, 'times_compared': 'ENROUTE_ARRIVAL', 'type': 'ACTUAL'}, 'depart': {'variance': -120, 'times_compared': 'DEPARTURE', 'type': 'ACTUAL'}}, {'code': 'BAL', 'miles': 185, 'sched_arrive': 1699801320, 'sched_depart': 1699801620, 'arrive': {'variance': -300, 'times_compared': 'ENROUTE_ARRIVAL', 'type': 'ACTUAL'}, 'depart': {'variance': -240, 'times_compared': 'DEPARTURE', 'type': 'ACTUAL'}}, {'code': 'WAS', 'miles': 226, 'sched_arrive': 1699803960, 'sched_depart': 1699805280, 'arrive': {'variance': 240, 'times_compared': 'ENROUTE_ARRIVAL', 'type': 'ACTUAL'}, 'depart': {'variance': -660, 'times_compared': 'DEPARTURE', 'type': 'ACTUAL'}}, {'code': 'ALX', 'miles': 234, 'sched_arrive': 1699806180, 'sched_depart': 1699806360, 'arrive': {'variance': -960, 'times_compared': 'ENROUTE_ARRIVAL', 'type': 'ACTUAL'}, 'depart': {'variance': -1140, 'times_compared': 'DEPARTURE', 'type': 'ACTUAL'}}, {'code': 'QAN', 'miles': 260, 'sched_arrive': 1699808040, 'sched_depart': 1699808160, 'arrive': {'variance': -1140, 'times_compared': 'ENROUTE_ARRIVAL', 'type': 'ACTUAL'}, 'depart': {'variance': -1140, 'times_compared': 'DEPARTURE', 'type': 'ACTUAL'}}, {'code': 'FBG', 'miles': 280, 'sched_arrive': 1699809420, 'sched_depart': 1699809540, 'arrive': {'variance': -960, 'times_compared': 'ENROUTE_ARRIVAL', 'type': 'ACTUAL'}, 'depart': {'variance': -1020, 'times_compared': 'DEPARTURE', 'type': 'ACTUAL'}}, {'code': 'RVR', 'miles': 335, 'sched_arrive': 1699813620, 'sched_depart': 1699814160, 'arrive': {'variance': -300, 'times_compared': 'ENROUTE_ARRIVAL', 'type': 'ACTUAL'}, 'depart': {'variance': -180, 'times_compared': 'DEPARTURE', 'type': 'ACTUAL'}}, {'code': 'PTB', 'miles': 363, 'sched_arrive': 1699816260, 'sched_depart': 1699816380, 'arrive': {'variance': 60, 'times_compared': 'ENROUTE_ARRIVAL', 'type': 'ACTUAL'}, 'depart': {'variance': 0, 'times_compared': 'DEPARTURE', 'type': 'ACTUAL'}}, {'code': 'RMT', 'miles': 461, 'sched_arrive': 1699821720, 'sched_depart': 1699821960, 'arrive': {'variance': -180, 'times_compared': 'ENROUTE_ARRIVAL', 'type': 'ACTUAL'}, 'depart': {'variance': -240, 'times_compared': 'DEPARTURE', 'type': 'ACTUAL'}}, {'code': 'WLN', 'miles': 477, 'sched_arrive': 1699822860, 'sched_depart': 1699823100, 'arrive': {'variance': -180, 'times_compared': 'ENROUTE_ARRIVAL', 'type': 'ACTUAL'}, 'depart': {'variance': -300, 'times_compared': 'DEPARTURE', 'type': 'ESTIMATED'}}, {'code': 'SSM', 'miles': 503, 'sched_depart': 1699825080, 'arrive': {'variance': 0, 'times_compared': 'MISMATCH_ARRIVAL', 'type': 'ESTIMATED'}, 'depart': {'variance': -60, 'times_compared': 'DEPARTURE', 'type': 'ESTIMATED'}}, {'code': 'RGH', 'miles': 532, 'sched_arrive': 1699827720, 'sched_depart': 1699828200, 'arrive': {'variance': 0, 'times_compared': 'ENROUTE_ARRIVAL', 'type': 'ESTIMATED'}, 'depart': {'variance': 0, 'times_compared': 'DEPARTURE', 'type': 'ESTIMATED'}}, {'code': 'CYN', 'miles': 540, 'sched_arrive': 1699828860, 'sched_depart': 1699828980, 'arrive': {'variance': 0, 'times_compared': 'ENROUTE_ARRIVAL', 'type': 'ESTIMATED'}, 'depart': {'variance': 0, 'times_compared': 'DEPARTURE', 'type': 'ESTIMATED'}}, {'code': 'DNC', 'miles': 558, 'sched_arrive': 1699830060, 'sched_depart': 1699830240, 'arrive': {'variance': 0, 'times_compared': 'ENROUTE_ARRIVAL', 'type': 'ESTIMATED'}, 'depart': {'variance': 0, 'times_compared': 'DEPARTURE', 'type': 'ESTIMATED'}}, {'code': 'BNC', 'miles': 592, 'sched_arrive': 1699832400, 'sched_depart': 1699832460, 'arrive': {'variance': 0, 'times_compared': 'ENROUTE_ARRIVAL', 'type': 'ESTIMATED'}, 'depart': {'variance': 0, 'times_compared': 'DEPARTURE', 'type': 'ESTIMATED'}}, {'code': 'GRO', 'miles': 613, 'sched_arrive': 1699834320, 'sched_depart': 1699834560, 'arrive': {'variance': 0, 'times_compared': 'ENROUTE_ARRIVAL', 'type': 'ESTIMATED'}, 'depart': {'variance': 0, 'times_compared': 'DEPARTURE', 'type': 'ESTIMATED'}}, {'code': 'HPT', 'miles': 629, 'sched_arrive': 1699835460, 'sched_depart': 1699835520, 'arrive': {'variance': 0, 'times_compared': 'ENROUTE_ARRIVAL', 'type': 'ESTIMATED'}, 'depart': {'variance': 0, 'times_compared': 'DEPARTURE', 'type': 'ESTIMATED'}}, {'code': 'SAL', 'miles': 663, 'sched_arrive': 1699837440, 'sched_depart': 1699837560, 'arrive': {'variance': 0, 'times_compared': 'ENROUTE_ARRIVAL', 'type': 'ESTIMATED'}, 'depart': {'variance': 0, 'times_compared': 'DEPARTURE', 'type': 'ESTIMATED'}}, {'code': 'KAN', 'miles': 679, 'sched_arrive': 1699838520, 'sched_depart': 1699838580, 'arrive': {'variance': 0, 'times_compared': 'ENROUTE_ARRIVAL', 'type': 'ESTIMATED'}, 'depart': {'variance': 0, 'times_compared': 'DEPARTURE', 'type': 'ESTIMATED'}}, {'code': 'CLT', 'miles': 705, 'sched_arrive': 1699840560, 'arrive': {'variance': 480, 'times_compared': 'TERMINAL_ARRIVAL', 'type': 'ESTIMATED'}}]",35.723346,-77.907534,0.03,POINT (-77.907534 35.723346),30
2023-11-12_AMTK_79,AMTRAK,2023-11-12,79,[79],Carolinian,NYP,CLT,False,1699824987,America/New_York,30,False,705,"{'latitude': 35.532947, 'longitude': -78.280047, 'heading': 370, 'speed': 0.02}","[{'code': 'NYP', 'miles': 0, 'sched_depart': 1699791420, 'depart': {'variance': -420, 'times_compared': 'DEPARTURE', 'type': 'ACTUAL'}}, {'code': 'NWK', 'miles': 10, 'sched_arrive': 1699792500, 'sched_depart': 1699792740, 'arrive': {'variance': -180, 'times_compared': 'ENROUTE_ARRIVAL', 'type': 'ACTUAL'}, 'depart': {'variance': -180, 'times_compared': 'DEPARTURE', 'type': 'ACTUAL'}}, {'code': 'TRE', 'miles': 58, 'sched_arrive': 1699794960, 'sched_depart': 1699795200, 'arrive': {'variance': -60, 'times_compared': 'ENROUTE_ARRIVAL', 'type': 'ACTUAL'}, 'depart': {'variance': 0, 'times_compared': 'DEPARTURE', 'type': 'ACTUAL'}}, {'code': 'PHL', 'miles': 91, 'sched_arrive': 1699796940, 'sched_depart': 1699797240, 'arrive': {'variance': 180, 'times_compared': 'ENROUTE_ARRIVAL', 'type': 'ACTUAL'}, 'depart': {'variance': 0, 'times_compared': 'DEPARTURE', 'type': 'ACTUAL'}}, {'code': 'WIL', 'miles': 116, 'sched_arrive': 1699798440, 'sched_depart': 1699798620, 'arrive': {'variance': 0, 'times_compared': 'ENROUTE_ARRIVAL', 'type': 'ACTUAL'}, 'depart': {'variance': -120, 'times_compared': 'DEPARTURE', 'type': 'ACTUAL'}}, {'code': 'BAL', 'miles': 185, 'sched_arrive': 1699801320, 'sched_depart': 1699801620, 'arrive': {'variance': -300, 'times_compared': 'ENROUTE_ARRIVAL', 'type': 'ACTUAL'}, 'depart': {'variance': -240, 'times_compared': 'DEPARTURE', 'type': 'ACTUAL'}}, {'code': 'WAS', 'miles': 226, 'sched_arrive': 1699803960, 'sched_depart': 1699805280, 'arrive': {'variance': 240, 'times_compared': 'ENROUTE_ARRIVAL', 'type': 'ACTUAL'}, 'depart': {'variance': -660, 'times_compared': 'DEPARTURE', 'type': 'ACTUAL'}}, {'code': 'ALX', 'miles': 234, 'sched_arrive': 1699806180, 'sched_depart': 1699806360, 'arrive': {'variance': -960, 'times_compared': 'ENROUTE_ARRIVAL', 'type': 'ACTUAL'}, 'depart': {'variance': -1140, 'times_compared': 'DEPARTURE', 'type': 'ACTUAL'}}, {'code': 'QAN', 'miles': 260, 'sched_arrive': 1699808040, 'sched_depart': 1699808160, 'arrive': {'variance': -1140, 'times_compared': 'ENROUTE_ARRIVAL', 'type': 'ACTUAL'}, 'depart': {'variance': -1140, 'times_compared': 'DEPARTURE', 'type': 'ACTUAL'}}, {'code': 'FBG', 'miles': 280, 'sched_arrive': 1699809420, 'sched_depart': 1699809540, 'arrive': {'variance': -960, 'times_compared': 'ENROUTE_ARRIVAL', 'type': 'ACTUAL'}, 'depart': {'variance': -1020, 'times_compared': 'DEPARTURE', 'type': 'ACTUAL'}}, {'code': 'RVR', 'miles': 335, 'sched_arrive': 1699813620, 'sched_depart': 1699814160, 'arrive': {'variance': -300, 'times_compared': 'ENROUTE_ARRIVAL', 'type': 'ACTUAL'}, 'depart': {'variance': -180, 'times_compared': 'DEPARTURE', 'type': 'ACTUAL'}}, {'code': 'PTB', 'miles': 363, 'sched_arrive': 1699816260, 'sched_depart': 1699816380, 'arrive': {'variance': 60, 'times_compared': 'ENROUTE_ARRIVAL', 'type': 'ACTUAL'}, 'depart': {'variance': 0, 'times_compared': 'DEPARTURE', 'type': 'ACTUAL'}}, {'code': 'RMT', 'miles': 461, 'sched_arrive': 1699821720, 'sched_depart': 1699821960, 'arrive': {'variance': -180, 'times_compared': 'ENROUTE_ARRIVAL', 'type': 'ACTUAL'}, 'depart': {'variance': -240, 'times_compared': 'DEPARTURE', 'type': 'ACTUAL'}}, {'code': 'WLN', 'miles': 477, 'sched_arrive': 1699822860, 'sched_depart': 1699823100, 'arrive': {'variance': -180, 'times_compared': 'ENROUTE_ARRIVAL', 'type': 'ACTUAL'}, 'depart': {'variance': -180, 'times_compared': 'DEPARTURE', 'type': 'ACTUAL'}}, {'code': 'SSM', 'miles': 503, 'sched_depart': 1699825080, 'arrive': {'variance': 300, 'times_compared': 'MISMATCH_ARRIVAL', 'type': 'ACTUAL'}, 'depart': {'variance': 0, 'times_compared': 'DEPARTURE', 'type': 'ESTIMATED'}}, {'code': 'RGH', 'miles': 532, 'sched_arrive': 1699827720, 'sched_depart': 1699828200, 'arrive': {'variance': 0, 'times_compared': 'ENROUTE_ARRIVAL', 'type': 'ESTIMATED'}, 'depart': {'variance': 0, 'times_compared': 'DEPARTURE', 'type': 'ESTIMATED'}}, {'code': 'CYN', 'miles': 540, 'sched_arrive': 1699828860, 'sched_depart': 1699828980, 'arrive': {'variance': 0, 'times_compared': 'ENROUTE_ARRIVAL', 'type': 'ESTIMATED'}, 'depart': {'variance': 0, 'times_compared': 'DEPARTURE', 'type': 'ESTIMATED'}}, {'code': 'DNC', 'miles': 558, 'sched_arrive': 1699830060, 'sched_depart': 1699830240, 'arrive': {'variance': 0, 'times_compared': 'ENROUTE_ARRIVAL', 'type': 'ESTIMATED'}, 'depart': {'variance': 0, 'times_compared': 'DEPARTURE', 'type': 'ESTIMATED'}}, {'code': 'BNC', 'miles': 592, 'sched_arrive': 1699832400, 'sched_depart': 1699832460, 'arrive': {'variance': 0, 'times_compared': 'ENROUTE_ARRIVAL', 'type': 'ESTIMATED'}, 'depart': {'variance': 0, 'times_compared': 'DEPARTURE', 'type': 'ESTIMATED'}}, {'code': 'GRO', 'miles': 613, 'sched_arrive': 1699834320, 'sched_depart': 1699834560, 'arrive': {'variance': 0, 'times_compared': 'ENROUTE_ARRIVAL', 'type': 'ESTIMATED'}, 'depart': {'variance': 0, 'times_compared': 'DEPARTURE', 'type': 'ESTIMATED'}}, {'code': 'HPT', 'miles': 629, 'sched_arrive': 1699835460, 'sched_depart': 1699835520, 'arrive': {'variance': 0, 'times_compared': 'ENROUTE_ARRIVAL', 'type': 'ESTIMATED'}, 'depart': {'variance': 0, 'times_compared': 'DEPARTURE', 'type': 'ESTIMATED'}}, {'code': 'SAL', 'miles': 663, 'sched_arrive': 1699837440, 'sched_depart': 1699837560, 'arrive': {'variance': 0, 'times_compared': 'ENROUTE_ARRIVAL', 'type': 'ESTIMATED'}, 'depart': {'variance': 0, 'times_compared': 'DEPARTURE', 'type': 'ESTIMATED'}}, {'code': 'KAN', 'miles': 679, 'sched_arrive': 1699838520, 'sched_depart': 1699838580, 'arrive': {'variance': 0, 'times_compared': 'ENROUTE_ARRIVAL', 'type': 'ESTIMATED'}, 'depart': {'variance': 0, 'times_compared': 'DEPARTURE', 'type': 'ESTIMATED'}}, {'code': 'CLT', 'miles': 705, 'sched_arrive': 1699840560, 'arrive': {'variance': 480, 'times_compared': 'TERMINAL_ARRIVAL', 'type': 'ESTIMATED'}}]",35.532947,-78.280047,0.02,POINT (-78.280047 35.532947),0
2023-11-12_AMTK_89,AMTRAK,2023-11-12,89,[89],Palmetto,NYP,SAV,False,1699818867,America/New_York,30,False,830,"{'latitude': 35.723663, 'longitude': -77.907397, 'heading': 225, 'speed': 0.05}","[{'code': 'NYP', 'miles': 0, 'sched_depart': 1699786920, 'depart': {'variance': 0, 'times_compared': 'DEPARTURE', 'type': 'ACTUAL'}}, {'code': 'NWK', 'miles': 10, 'sched_arrive': 1699787760, 'sched_depart': 1699787940, 'arrive': {'variance': 60, 'times_compared': 'ENROUTE_ARRIVAL', 'type': 'ACTUAL'}, 'depart': {'variance': 0, 'times_compared': 'DEPARTURE', 'type': 'ACTUAL'}}, {'code': 'MET', 'miles': 24, 'sched_arrive': 1699788660, 'sched_depart': 1699788780, 'arrive': {'variance': 60, 'times_compared': 'ENROUTE_ARRIVAL', 'type': 'ACTUAL'}, 'depart': {'variance': -60, 'times_compared': 'DEPARTURE', 'type': 'ACTUAL'}}, {'code': 'TRE', 'miles': 58, 'sched_arrive': 1699790040, 'sched_depart': 1699790160, 'arrive': {'variance': 60, 'times_compared': 'ENROUTE_ARRIVAL', 'type': 'ACTUAL'}, 'depart': {'variance': 0, 'times_compared': 'DEPARTURE', 'type': 'ACTUAL'}}, {'code': 'PHL', 'miles': 91, 'sched_arrive': 1699791960, 'sched_depart': 1699792200, 'arrive': {'variance': 240, 'times_compared': 'ENROUTE_ARRIVAL', 'type': 'ACTUAL'}, 'depart': {'variance': -60, 'times_compared': 'DEPARTURE', 'type': 'ACTUAL'}}, {'code': 'WIL', 'miles': 116, 'sched_arrive': 1699793340, 'sched_depart': 1699793460, 'arrive': {'variance': -60, 'times_compared': 'ENROUTE_ARRIVAL', 'type': 'ACTUAL'}, 'depart': {'variance': -120, 'times_compared': 'DEPARTURE', 'type': 'ACTUAL'}}, {'code': 'BAL', 'miles': 185, 'sched_arrive': 1699796220, 'sched_depart': 1699796400, 'arrive': {'variance': 180, 'times_compared': 'ENROUTE_ARRIVAL', 'type': 'ACTUAL'}, 'depart': {'variance': -60, 'times_compared': 'DEPARTURE', 'type': 'ACTUAL'}}, {'code': 'BWI', 'miles': 196, 'sched_arrive': 1699797060, 'sched_depart': 1699797180, 'arrive': {'variance': -60, 'times_compared': 'ENROUTE_ARRIVAL', 'type': 'ACTUAL'}, 'depart': {'variance': -120, 'times_compared': 'DEPARTURE', 'type': 'ACTUAL'}}, {'code': 'WAS', 'miles': 226, 'sched_arrive': 1699798920, 'sched_depart': 1699801140, 'arrive': {'variance': 360, 'times_compared': 'ENROUTE_ARRIVAL', 'type': 'ACTUAL'}, 'depart': {'variance': -660, 'times_compared': 'DEPARTURE', 'type': 'ACTUAL'}}, {'code': 'ALX', 'miles': 234, 'sched_arrive': 1699802040, 'sched_depart': 1699802280, 'arrive': {'variance': -600, 'times_compared': 'ENROUTE_ARRIVAL', 'type': 'ACTUAL'}, 'depart': {'variance': -600, 'times_compared': 'DEPARTURE', 'type': 'ACTUAL'}}, {'code': 'RVR', 'miles': 335, 'sched_arrive': 1699809060, 'sched_depart': 1699809540, 'arrive': {'variance': -720, 'times_compared': 'ENROUTE_ARRIVAL', 'type': 'ACTUAL'}, 'depart': {'variance': -840, 'times_compared': 'DEPARTURE', 'type': 'ACTUAL'}}, {'code': 'PTB', 'miles': 363, 'sched_arrive': 1699811460, 'sched_depart': 1699811640, 'arrive': {'variance': -780, 'times_compared': 'ENROUTE_ARRIVAL', 'type': 'ACTUAL'}, 'depart': {'variance': -840, 'times_compared': 'DEPARTURE', 'type': 'ACTUAL'}}, {'code': 'RMT', 'miles': 461, 'sched_arrive': 1699817220, 'sched_depart': 1699817520, 'arrive': {'variance': -180, 'times_compared': 'ENROUTE_ARRIVAL', 'type': 'ACTUAL'}, 'depart': {'variance': -120, 'times_compared': 'DEPARTURE', 'type': 'ACTUAL'}}, {'code': 'WLN', 'miles': 477, 'sched_arrive': 1699818540, 'sched_depart': 1699818720, 'arrive': {'variance': -120, 'times_compared': 'ENROUTE_ARRIVAL', 'type': 'ACTUAL'}, 'depart': {'variance': -60, 'times_compared': 'DEPARTURE', 'type': 'ESTIMATED'}}, {'code': 'SSM', 'miles': 503, 'sched_arrive': 1699820400, 'sched_depart': 1699820520, 'arrive': {'variance': 0, 'times_compared': 'ENROUTE_ARRIVAL', 'type': 'ESTIMATED'}, 'depart': {'variance': 0, 'times_compared': 'DEPARTURE', 'type': 'ESTIMATED'}}, {'code': 'FAY', 'miles': 551, 'sched_arrive': 1699823520, 'sched_depart': 1699823760, 'arrive': {'variance': 0, 'times_compared': 'ENROUTE_ARRIVAL', 'type': 'ESTIMATED'}, 'depart': {'variance': 0, 'times_compared': 'DEPARTURE', 'type': 'ESTIMATED'}}, {'code': 'DIL', 'miles': 604, 'sched_arrive': 1699826820, 'sched_depart': 1699826940, 'arrive': {'variance': 0, 'times_compared': 'ENROUTE_ARRIVAL', 'type': 'ESTIMATED'}, 'depart': {'variance': 0, 'times_compared': 'DEPARTURE', 'type': 'ESTIMATED'}}, {'code': 'FLO', 'miles': 634, 'sched_arrive': 1699829520, 'sched_depart': 1699829820, 'arrive': {'variance': 0, 'times_compared': 'ENROUTE_ARRIVAL', 'type': 'ESTIMATED'}, 'depart': {'variance': 0, 'times_compared': 'DEPARTURE', 'type': 'ESTIMATED'}}, {'code': 'KTR', 'miles': 673, 'sched_arrive': 1699831800, 'sched_depart': 1699831980, 'arrive': {'variance': 0, 'times_compared': 'ENROUTE_ARRIVAL', 'type': 'ESTIMATED'}, 'depart': {'variance': 0, 'times_compared': 'DEPARTURE', 'type': 'ESTIMATED'}}, {'code': 'CHS', 'miles': 729, 'sched_arrive': 1699835400, 'sched_depart': 1699835820, 'arrive': {'variance': 0, 'times_compared': 'ENROUTE_ARRIVAL', 'type': 'ESTIMATED'}, 'depart': {'variance': 0, 'times_compared': 'DEPARTURE', 'type': 'ESTIMATED'}}, {'code': 'YEM', 'miles': 783, 'sched_arrive': 1699838580, 'sched_depart': 1699838760, 'arrive': {'variance': 0, 'times_compared': 'ENROUTE_ARRIVAL', 'type': 'ESTIMATED'}, 'depart': {'variance': 0, 'times_compared': 'DEPARTURE', 'type': 'ESTIMATED'}}, {'code': 'SAV', 'miles': 830, 'sched_arrive': 1699842300, 'arrive': {'variance': 1200, 'times_compared': 'TERMINAL_ARRIVAL', 'type': 'ESTIMATED'}}]",35.723663,-77.907397,0.05,POINT (-77.907397 35.723663),27
2023-11-12_AMTK_89,AMTRAK,2023-11-12,89,[89],Palmetto,NYP,SAV,False,1699820493,America/New_York,30,False,830,"{'latitude': 35.532676, 'longitude': -78.279841, 'heading': 225, 'speed': 0.02}","[{'code': 'NYP', 'miles': 0, 'sched_depart': 1699786920, 'depart': {'variance': 0, 'times_compared': 'DEPARTURE', 'type': 'ACTUAL'}}, {'code': 'NWK', 'miles': 10, 'sched_arrive': 1699787760, 'sched_depart': 1699787940, 'arrive': {'variance': 60, 'times_compared': 'ENROUTE_ARRIVAL', 'type': 'ACTUAL'}, 'depart': {'variance': 0, 'times_compared': 'DEPARTURE', 'type': 'ACTUAL'}}, {'code': 'MET', 'miles': 24, 'sched_arrive': 1699788660, 'sched_depart': 1699788780, 'arrive': {'variance': 60, 'times_compared': 'ENROUTE_ARRIVAL', 'type': 'ACTUAL'}, 'depart': {'variance': -60, 'times_compared': 'DEPARTURE', 'type': 'ACTUAL'}}, {'code': 'TRE', 'miles': 58, 'sched_arrive': 1699790040, 'sched_depart': 1699790160, 'arrive': {'variance': 60, 'times_compared': 'ENROUTE_ARRIVAL', 'type': 'ACTUAL'}, 'depart': {'variance': 0, 'times_compared': 'DEPARTURE', 'type': 'ACTUAL'}}, {'code': 'PHL', 'miles': 91, 'sched_arrive': 1699791960, 'sched_depart': 1699792200, 'arrive': {'variance': 240, 'times_compared': 'ENROUTE_ARRIVAL', 'type': 'ACTUAL'}, 'depart': {'variance': -60, 'times_compared': 'DEPARTURE', 'type': 'ACTUAL'}}, {'code': 'WIL', 'miles': 116, 'sched_arrive': 1699793340, 'sched_depart': 1699793460, 'arrive': {'variance': -60, 'times_compared': 'ENROUTE_ARRIVAL', 'type': 'ACTUAL'}, 'depart': {'variance': -120, 'times_compared': 'DEPARTURE', 'type': 'ACTUAL'}}, {'code': 'BAL', 'miles': 185, 'sched_arrive': 1699796220, 'sched_depart': 1699796400, 'arrive': {'variance': 180, 'times_compared': 'ENROUTE_ARRIVAL', 'type': 'ACTUAL'}, 'depart': {'variance': -60, 'times_compared': 'DEPARTURE', 'type': 'ACTUAL'}}, {'code': 'BWI', 'miles': 196, 'sched_arrive': 1699797060, 'sched_depart': 1699797180, 'arrive': {'variance': -60, 'times_compared': 'ENROUTE_ARRIVAL', 'type': 'ACTUAL'}, 'depart': {'variance': -120, 'times_compared': 'DEPARTURE', 'type': 'ACTUAL'}}, {'code': 'WAS', 'miles': 226, 'sched_arrive': 1699798920, 'sched_depart': 1699801140, 'arrive': {'variance': 360, 'times_compared': 'ENROUTE_ARRIVAL', 'type': 'ACTUAL'}, 'depart': {'variance': -660, 'times_compared': 'DEPARTURE', 'type': 'ACTUAL'}}, {'code': 'ALX', 'miles': 234, 'sched_arrive': 1699802040, 'sched_depart': 1699802280, 'arrive': {'variance': -600, 'times_compared': 'ENROUTE_ARRIVAL', 'type': 'ACTUAL'}, 'depart': {'variance': -600, 'times_compared': 'DEPARTURE', 'type': 'ACTUAL'}}, {'code': 'RVR', 'miles': 335, 'sched_arrive': 1699809060, 'sched_depart': 1699809540, 'arrive': {'variance': -720, 'times_compared': 'ENROUTE_ARRIVAL', 'type': 'ACTUAL'}, 'depart': {'variance': -840, 'times_compared': 'DEPARTURE', 'type': 'ACTUAL'}}, {'code': 'PTB', 'miles': 363, 'sched_arrive': 1699811460, 'sched_depart': 1699811640, 'arrive': {'variance': -780, 'times_compared': 'ENROUTE_ARRIVAL', 'type': 'ACTUAL'}, 'depart': {'variance': -840, 'times_compared': 'DEPARTURE', 'type': 'ACTUAL'}}, {'code': 'RMT', 'miles': 461, 'sched_arrive': 1699817220, 'sched_depart': 1699817520, 'arrive': {'variance': -180, 'times_compared': 'ENROUTE_ARRIVAL', 'type': 'ACTUAL'}, 'depart': {'variance': -120, 'times_compared': 'DEPARTURE', 'type': 'ACTUAL'}}, {'code': 'WLN', 'miles': 477, 'sched_arrive': 1699818540, 'sched_depart': 1699818720, 'arrive': {'variance': -120, 'times_compared': 'ENROUTE_ARRIVAL', 'type': 'ACTUAL'}, 'depart': {'variance': -120, 'times_compared': 'DEPARTURE', 'type': 'ACTUAL'}}, {'code': 'SSM', 'miles': 503, 'sched_arrive': 1699820400, 'sched_depart': 1699820520, 'arrive': {'variance': 60, 'times_compared': 'ENROUTE_ARRIVAL', 'type': 'ACTUAL'}, 'depart': {'variance': 0, 'times_compared': 'DEPARTURE', 'type': 'ESTIMATED'}}, {'code': 'FAY', 'miles': 551, 'sched_arrive': 1699823520, 'sched_depart': 1699823760, 'arrive': {'variance': 0, 'times_compared': 'ENROUTE_ARRIVAL', 'type': 'ESTIMATED'}, 'depart': {'variance': 0, 'times_compared': 'DEPARTURE', 'type': 'ESTIMATED'}}, {'code': 'DIL', 'miles': 604, 'sched_arrive': 1699826820, 'sched_depart': 1699826940, 'arrive': {'variance': 0, 'times_compared': 'ENROUTE_ARRIVAL', 'type': 'ESTIMATED'}, 'depart': {'variance': 0, 'times_compared': 'DEPARTURE', 'type': 'ESTIMATED'}}, {'code': 'FLO', 'miles': 634, 'sched_arrive': 1699829520, 'sched_depart': 1699829820, 'arrive': {'variance': 0, 'times_compared': 'ENROUTE_ARRIVAL', 'type': 'ESTIMATED'}, 'depart': {'variance': 0, 'times_compared': 'DEPARTURE', 'type': 'ESTIMATED'}}, {'code': 'KTR', 'miles': 673, 'sched_arrive': 1699831800, 'sched_depart': 1699831980, 'arrive': {'variance': 0, 'times_compared': 'ENROUTE_ARRIVAL', 'type': 'ESTIMATED'}, 'depart': {'variance': 0, 'times_compared': 'DEPARTURE', 'type': 'ESTIMATED'}}, {'code': 'CHS', 'miles': 729, 'sched_arrive': 1699835400, 'sched_depart': 1699835820, 'arrive': {'variance': 0, 'times_compared': 'ENROUTE_ARRIVAL', 'type': 'ESTIMATED'}, 'depart': {'variance': 0, 'times_compared': 'DEPARTURE', 'type': 'ESTIMATED'}}, {'code': 'YEM', 'miles': 783, 'sched_arrive': 1699838580, 'sched_depart': 1699838760, 'arrive': {'variance': 0, 'times_compared': 'ENROUTE_ARRIVAL', 'type': 'ESTIMATED'}, 'depart': {'variance': 0, 'times_compared': 'DEPARTURE', 'type': 'ESTIMATED'}}, {'code': 'SAV', 'miles': 830, 'sched_arrive': 1699842300, 'arrive': {'variance': 1200, 'times_compared': 'TERMINAL_ARRIVAL', 'type': 'ESTIMATED'}}]",35.532676,-78.279841,0.02,POINT (-78.279841 35.532676),51
2023-11-12_AMTK_89,AMTRAK,2023-11-12,89,[89],Palmetto,NYP,SAV,False,1699823561,America/New_York,30,False,830,"{'latitude': 35.056541, 'longitude': -78.884211, 'heading': 225, 'speed': 0.01}","[{'code': 'NYP', 'miles': 0, 'sched_depart': 1699786920, 'depart': {'variance': 0, 'times_compared': 'DEPARTURE', 'type': 'ACTUAL'}}, {'code': 'NWK', 'miles': 10, 'sched_arrive': 1699787760, 'sched_depart': 1699787940, 'arrive': {'variance': 60, 'times_compared': 'ENROUTE_ARRIVAL', 'type': 'ACTUAL'}, 'depart': {'variance': 0, 'times_compared': 'DEPARTURE', 'type': 'ACTUAL'}}, {'code': 'MET', 'miles': 24, 'sched_arrive': 1699788660, 'sched_depart': 1699788780, 'arrive': {'variance': 60, 'times_compared': 'ENROUTE_ARRIVAL', 'type': 'ACTUAL'}, 'depart': {'variance': -60, 'times_compared': 'DEPARTURE', 'type': 'ACTUAL'}}, {'code': 'TRE', 'miles': 58, 'sched_arrive': 1699790040, 'sched_depart': 1699790160, 'arrive': {'variance': 60, 'times_compared': 'ENROUTE_ARRIVAL', 'type': 'ACTUAL'}, 'depart': {'variance': 0, 'times_compared': 'DEPARTURE', 'type': 'ACTUAL'}}, {'code': 'PHL', 'miles': 91, 'sched_arrive': 1699791960, 'sched_depart': 1699792200, 'arrive': {'variance': 240, 'times_compared': 'ENROUTE_ARRIVAL', 'type': 'ACTUAL'}, 'depart': {'variance': -60, 'times_compared': 'DEPARTURE', 'type': 'ACTUAL'}}, {'code': 'WIL', 'miles': 116, 'sched_arrive': 1699793340, 'sched_depart': 1699793460, 'arrive': {'variance': -60, 'times_compared': 'ENROUTE_ARRIVAL', 'type': 'ACTUAL'}, 'depart': {'variance': -120, 'times_compared': 'DEPARTURE', 'type': 'ACTUAL'}}, {'code': 'BAL', 'miles': 185, 'sched_arrive': 1699796220, 'sched_depart': 1699796400, 'arrive': {'variance': 180, 'times_compared': 'ENROUTE_ARRIVAL', 'type': 'ACTUAL'}, 'depart': {'variance': -60, 'times_compared': 'DEPARTURE', 'type': 'ACTUAL'}}, {'code': 'BWI', 'miles': 196, 'sched_arrive': 1699797060, 'sched_depart': 1699797180, 'arrive': {'variance': -60, 'times_compared': 'ENROUTE_ARRIVAL', 'type': 'ACTUAL'}, 'depart': {'variance': -120, 'times_compared': 'DEPARTURE', 'type': 'ACTUAL'}}, {'code': 'WAS', 'miles': 226, 'sched_arrive': 1699798920, 'sched_depart': 1699801140, 'arrive': {'variance': 360, 'times_compared': 'ENROUTE_ARRIVAL', 'type': 'ACTUAL'}, 'depart': {'variance': -660, 'times_compared': 'DEPARTURE', 'type': 'ACTUAL'}}, {'code': 'ALX', 'miles': 234, 'sched_arrive': 1699802040, 'sched_depart': 1699802280, 'arrive': {'variance': -600, 'times_compared': 'ENROUTE_ARRIVAL', 'type': 'ACTUAL'}, 'depart': {'variance': -600, 'times_compared': 'DEPARTURE', 'type': 'ACTUAL'}}, {'code': 'RVR', 'miles': 335, 'sched_arrive': 1699809060, 'sched_depart': 1699809540, 'arrive': {'variance': -720, 'times_compared': 'ENROUTE_ARRIVAL', 'type': 'ACTUAL'}, 'depart': {'variance': -840, 'times_compared': 'DEPARTURE', 'type': 'ACTUAL'}}, {'code': 'PTB', 'miles': 363, 'sched_arrive': 1699811460, 'sched_depart': 1699811640, 'arrive': {'variance': -780, 'times_compared': 'ENROUTE_ARRIVAL', 'type': 'ACTUAL'}, 'depart': {'variance': -840, 'times_compared': 'DEPARTURE', 'type': 'ACTUAL'}}, {'code': 'RMT', 'miles': 461, 'sched_arrive': 1699817220, 'sched_depart': 1699817520, 'arrive': {'variance': -180, 'times_compared': 'ENROUTE_ARRIVAL', 'type': 'ACTUAL'}, 'depart': {'variance': -120, 'times_compared': 'DEPARTURE', 'type': 'ACTUAL'}}, {'code': 'WLN', 'miles': 477, 'sched_arrive': 1699818540, 'sched_depart': 1699818720, 'arrive': {'variance': -120, 'times_compared': 'ENROUTE_ARRIVAL', 'type': 'ACTUAL'}, 'depart': {'variance': -120, 'times_compared': 'DEPARTURE', 'type': 'ACTUAL'}}, {'code': 'SSM', 'miles': 503, 'sched_arrive': 1699820400, 'sched_depart': 1699820520, 'arrive': {'variance': 60, 'times_compared': 'ENROUTE_ARRIVAL', 'type': 'ACTUAL'}, 'depart': {'variance': -60, 'times_compared': 'DEPARTURE', 'type': 'ACTUAL'}}, {'code': 'FAY', 'miles': 551, 'sched_arrive': 1699823520, 'sched_depart': 1699823760, 'arrive': {'variance': 120, 'times_compared': 'ENROUTE_ARRIVAL', 'type': 'ACTUAL'}, 'depart': {'variance': 0, 'times_compared': 'DEPARTURE', 'type': 'ESTIMATED'}}, {'code': 'DIL', 'miles': 604, 'sched_arrive': 1699826820, 'sched_depart': 1699826940, 'arrive': {'variance': 0, 'times_compared': 'ENROUTE_ARRIVAL', 'type': 'ESTIMATED'}, 'depart': {'variance': 0, 'times_compared': 'DEPARTURE', 'type': 'ESTIMATED'}}, {'code': 'FLO', 'miles': 634, 'sched_arrive': 1699829520, 'sched_depart': 1699829820, 'arrive': {'variance': 0, 'times_compared': 'ENROUTE_ARRIVAL', 'type': 'ESTIMATED'}, 'depart': {'variance': 0, 'times_compared': 'DEPARTURE', 'type': 'ESTIMATED'}}, {'code': 'KTR', 'miles': 673, 'sched_arrive': 1699831800, 'sched_depart': 1699831980, 'arrive': {'variance': 0, 'times_compared': 'ENROUTE_ARRIVAL', 'type': 'ESTIMATED'}, 'depart': {'variance': 0, 'times_compared': 'DEPARTURE', 'type': 'ESTIMATED'}}, {'code': 'CHS', 'miles': 729, 'sched_arrive': 1699835400, 'sched_depart': 1699835820, 'arrive': {'variance': 0, 'times_compared': 'ENROUTE_ARRIVAL', 'type': 'ESTIMATED'}, 'depart': {'variance': 0, 'times_compared': 'DEPARTURE', 'type': 'ESTIMATED'}}, {'code': 'YEM', 'miles': 783, 'sched_arrive': 1699838580, 'sched_depart': 1699838760, 'arrive': {'variance': 0, 'times_compared': 'ENROUTE_ARRIVAL', 'type': 'ESTIMATED'}, 'depart': {'variance': 0, 'times_compared': 'DEPARTURE', 'type': 'ESTIMATED'}}, {'code': 'SAV', 'miles': 830, 'sched_arrive': 1699842300, 'arrive': {'variance': 1200, 'times_compared': 'TERMINAL_ARRIVAL', 'type': 'ESTIMATED'}}]",35.056541,-78.884211,0.01,POINT (-78.884211 35.056541),6
2023-11-12_AMTK_89,AMTRAK,2023-11-12,89,[89],Palmetto,NYP,SAV,False,1699823920,America/New_York,30,False,830,"{'latitude': 35.056541, 'longitude': -78.884196, 'heading': 225, 'speed': 0.03}","[{'code': 'NYP', 'miles': 0, 'sched_depart': 1699786920, 'depart': {'variance': 0, 'times_compared': 'DEPARTURE', 'type': 'ACTUAL'}}, {'code': 'NWK', 'miles': 10, 'sched_arrive': 1699787760, 'sched_depart': 1699787940, 'arrive': {'variance': 60, 'times_compared': 'ENROUTE_ARRIVAL', 'type': 'ACTUAL'}, 'depart': {'variance': 0, 'times_compared': 'DEPARTURE', 'type': 'ACTUAL'}}, {'code': 'MET', 'miles': 24, 'sched_arrive': 1699788660, 'sched_depart': 1699788780, 'arrive': {'variance': 60, 'times_compared': 'ENROUTE_ARRIVAL', 'type': 'ACTUAL'}, 'depart': {'variance': -60, 'times_compared': 'DEPARTURE', 'type': 'ACTUAL'}}, {'code': 'TRE', 'miles': 58, 'sched_arrive': 1699790040, 'sched_depart': 1699790160, 'arrive': {'variance': 60, 'times_compared': 'ENROUTE_ARRIVAL', 'type': 'ACTUAL'}, 'depart': {'variance': 0, 'times_compared': 'DEPARTURE', 'type': 'ACTUAL'}}, {'code': 'PHL', 'miles': 91, 'sched_arrive': 1699791960, 'sched_depart': 1699792200, 'arrive': {'variance': 240, 'times_compared': 'ENROUTE_ARRIVAL', 'type': 'ACTUAL'}, 'depart': {'variance': -60, 'times_compared': 'DEPARTURE', 'type': 'ACTUAL'}}, {'code': 'WIL', 'miles': 116, 'sched_arrive': 1699793340, 'sched_depart': 1699793460, 'arrive': {'variance': -60, 'times_compared': 'ENROUTE_ARRIVAL', 'type': 'ACTUAL'}, 'depart': {'variance': -120, 'times_compared': 'DEPARTURE', 'type': 'ACTUAL'}}, {'code': 'BAL', 'miles': 185, 'sched_arrive': 1699796220, 'sched_depart': 1699796400, 'arrive': {'variance': 180, 'times_compared': 'ENROUTE_ARRIVAL', 'type': 'ACTUAL'}, 'depart': {'variance': -60, 'times_compared': 'DEPARTURE', 'type': 'ACTUAL'}}, {'code': 'BWI', 'miles': 196, 'sched_arrive': 1699797060, 'sched_depart': 1699797180, 'arrive': {'variance': -60, 'times_compared': 'ENROUTE_ARRIVAL', 'type': 'ACTUAL'}, 'depart': {'variance': -120, 'times_compared': 'DEPARTURE', 'type': 'ACTUAL'}}, {'code': 'WAS', 'miles': 226, 'sched_arrive': 1699798920, 'sched_depart': 1699801140, 'arrive': {'variance': 360, 'times_compared': 'ENROUTE_ARRIVAL', 'type': 'ACTUAL'}, 'depart': {'variance': -660, 'times_compared': 'DEPARTURE', 'type': 'ACTUAL'}}, {'code': 'ALX', 'miles': 234, 'sched_arrive': 1699802040, 'sched_depart': 1699802280, 'arrive': {'variance': -600, 'times_compared': 'ENROUTE_ARRIVAL', 'type': 'ACTUAL'}, 'depart': {'variance': -600, 'times_compared': 'DEPARTURE', 'type': 'ACTUAL'}}, {'code': 'RVR', 'miles': 335, 'sched_arrive': 1699809060, 'sched_depart': 1699809540, 'arrive': {'variance': -720, 'times_compared': 'ENROUTE_ARRIVAL', 'type': 'ACTUAL'}, 'depart': {'variance': -840, 'times_compared': 'DEPARTURE', 'type': 'ACTUAL'}}, {'code': 'PTB', 'miles': 363, 'sched_arrive': 1699811460, 'sched_depart': 1699811640, 'arrive': {'variance': -780, 'times_compared': 'ENROUTE_ARRIVAL', 'type': 'ACTUAL'}, 'depart': {'variance': -840, 'times_compared': 'DEPARTURE', 'type': 'ACTUAL'}}, {'code': 'RMT', 'miles': 461, 'sched_arrive': 1699817220, 'sched_depart': 1699817520, 'arrive': {'variance': -180, 'times_compared': 'ENROUTE_ARRIVAL', 'type': 'ACTUAL'}, 'depart': {'variance': -120, 'times_compared': 'DEPARTURE', 'type': 'ACTUAL'}}, {'code': 'WLN', 'miles': 477, 'sched_arrive': 1699818540, 'sched_depart': 1699818720, 'arrive': {'variance': -120, 'times_compared': 'ENROUTE_ARRIVAL', 'type': 'ACTUAL'}, 'depart': {'variance': -120, 'times_compared': 'DEPARTURE', 'type': 'ACTUAL'}}, {'code': 'SSM', 'miles': 503, 'sched_arrive': 1699820400, 'sched_depart': 1699820520, 'arrive': {'variance': 60, 'times_compared': 'ENROUTE_ARRIVAL', 'type': 'ACTUAL'}, 'depart': {'variance': -60, 'times_compared': 'DEPARTURE', 'type': 'ACTUAL'}}, {'code': 'FAY', 'miles': 551, 'sched_arrive': 1699823520, 'sched_depart': 1699823760, 'arrive': {'variance': 120, 'times_compared': 'ENROUTE_ARRIVAL', 'type': 'ACTUAL'}, 'depart': {'variance': 0, 'times_compared': 'DEPARTURE', 'type': 'ESTIMATED'}}, {'code': 'DIL', 'miles': 604, 'sched_arrive': 1699826820, 'sched_depart': 1699826940, 'arrive': {'variance': 0, 'times_compared': 'ENROUTE_ARRIVAL', 'type': 'ESTIMATED'}, 'depart': {'variance': 0, 'times_compared': 'DEPARTURE', 'type': 'ESTIMATED'}}, {'code': 'FLO', 'miles': 634, 'sched_arrive': 1699829520, 'sched_depart': 1699829820, 'arrive': {'variance': 0, 'times_compared': 'ENROUTE_ARRIVAL', 'type': 'ESTIMATED'}, 'depart': {'variance': 0, 'times_compared': 'DEPARTURE', 'type': 'ESTIMATED'}}, {'code': 'KTR', 'miles': 673, 'sched_arrive': 1699831800, 'sched_depart': 1699831980, 'arrive': {'variance': 0, 'times_compared': 'ENROUTE_ARRIVAL', 'type': 'ESTIMATED'}, 'depart': {'variance': 0, 'times_compared': 'DEPARTURE', 'type': 'ESTIMATED'}}, {'code': 'CHS', 'miles': 729, 'sched_arrive': 1699835400, 'sched_depart': 1699835820, 'arrive': {'variance': 0, 'times_compared': 'ENROUTE_ARRIVAL', 'type': 'ESTIMATED'}, 'depart': {'variance': 0, 'times_compared': 'DEPARTURE', 'type': 'ESTIMATED'}}, {'code': 'YEM', 'miles': 783, 'sched_arrive': 1699838580, 'sched_depart': 1699838760, 'arrive': {'variance': 0, 'times_compared': 'ENROUTE_ARRIVAL', 'type': 'ESTIMATED'}, 'depart': {'variance': 0, 'times_compared': 'DEPARTURE', 'type': 'ESTIMATED'}}, {'code': 'SAV', 'miles': 830, 'sched_arrive': 1699842300, 'arrive': {'variance': 1200, 'times_compared': 'TERMINAL_ARRIVAL', 'type': 'ESTIMATED'}}]",35.056541,-78.884196,0.03,POINT (-78.884196 35.056541),0
2023-11-12_AMTK_90,AMTRAK,2023-11-12,90,[90],Palmetto,SAV,NYP,False,1699818515,America/New_York,30,False,830,"{'latitude': 35.937309, 'longitude': -77.797457, 'heading': 0, 'speed': 0.0}","[{'code': 'SAV', 'miles': 0, 'sched_depart': 1699792500, 'depart': {'variance': 0, 'times_compared': 'DEPARTURE', 'type': 'ACTUAL'}}, {'code': 'YEM', 'miles': 47, 'sched_arrive': 1699795200, 'sched_depart': 1699795380, 'arrive': {'variance': 120, 'times_compared': 'ENROUTE_ARRIVAL', 'type': 'ACTUAL'}, 'depart': {'variance': 0, 'times_compared': 'DEPARTURE', 'type': 'ACTUAL'}}, {'code': 'CHS', 'miles': 101, 'sched_arrive': 1699798080, 'sched_depart': 1699798500, 'arrive': {'variance': -2400, 'times_compared': 'ENROUTE_ARRIVAL', 'type': 'ACTUAL'}, 'depart': {'variance': -2400, 'times_compared': 'DEPARTURE', 'type': 'ACTUAL'}}, {'code': 'KTR', 'miles': 157, 'sched_arrive': 1699801560, 'sched_depart': 1699801800, 'arrive': {'variance': -2700, 'times_compared': 'ENROUTE_ARRIVAL', 'type': 'ACTUAL'}, 'depart': {'variance': -2580, 'times_compared': 'DEPARTURE', 'type': 'ACTUAL'}}, {'code': 'FLO', 'miles': 196, 'sched_arrive': 1699804140, 'sched_depart': 1699804440, 'arrive': {'variance': -2460, 'times_compared': 'ENROUTE_ARRIVAL', 'type': 'ACTUAL'}, 'depart': {'variance': -2580, 'times_compared': 'DEPARTURE', 'type': 'ACTUAL'}}, {'code': 'DIL', 'miles': 226, 'sched_arrive': 1699806420, 'sched_depart': 1699806540, 'arrive': {'variance': -2340, 'times_compared': 'ENROUTE_ARRIVAL', 'type': 'ACTUAL'}, 'depart': {'variance': -2520, 'times_compared': 'DEPARTURE', 'type': 'ACTUAL'}}, {'code': 'FAY', 'miles': 279, 'sched_arrive': 1699809300, 'sched_depart': 1699809720, 'arrive': {'variance': -2520, 'times_compared': 'ENROUTE_ARRIVAL', 'type': 'ACTUAL'}, 'depart': {'variance': -2400, 'times_compared': 'DEPARTURE', 'type': 'ACTUAL'}}, {'code': 'SSM', 'miles': 327, 'sched_arrive': 1699812540, 'sched_depart': 1699812660, 'arrive': {'variance': -2880, 'times_compared': 'ENROUTE_ARRIVAL', 'type': 'ACTUAL'}, 'depart': {'variance': -3060, 'times_compared': 'DEPARTURE', 'type': 'ACTUAL'}}, {'code': 'WLN', 'miles': 353, 'sched_arrive': 1699814280, 'sched_depart': 1699814580, 'arrive': {'variance': -2940, 'times_compared': 'ENROUTE_ARRIVAL', 'type': 'ACTUAL'}, 'depart': {'variance': -2820, 'times_compared': 'DEPARTURE', 'type': 'ACTUAL'}}, {'code': 'RMT', 'miles': 369, 'sched_arrive': 1699816080, 'sched_depart': 1699816380, 'arrive': {'variance': -2280, 'times_compared': 'ENROUTE_ARRIVAL', 'type': 'ACTUAL'}, 'depart': {'variance': -2460, 'times_compared': 'DEPARTURE', 'type': 'ESTIMATED'}}, {'code': 'PTB', 'miles': 467, 'sched_arrive': 1699821660, 'sched_depart': 1699821840, 'arrive': {'variance': -2280, 'times_compared': 'ENROUTE_ARRIVAL', 'type': 'ESTIMATED'}, 'depart': {'variance': -2220, 'times_compared': 'DEPARTURE', 'type': 'ESTIMATED'}}, {'code': 'RVR', 'miles': 495, 'sched_arrive': 1699824660, 'sched_depart': 1699825260, 'arrive': {'variance': -1980, 'times_compared': 'ENROUTE_ARRIVAL', 'type': 'ESTIMATED'}, 'depart': {'variance': -1800, 'times_compared': 'DEPARTURE', 'type': 'ESTIMATED'}}, {'code': 'ALX', 'miles': 596, 'sched_arrive': 1699831860, 'sched_depart': 1699832040, 'arrive': {'variance': -1140, 'times_compared': 'ENROUTE_ARRIVAL', 'type': 'ESTIMATED'}, 'depart': {'variance': -1080, 'times_compared': 'DEPARTURE', 'type': 'ESTIMATED'}}, {'code': 'WAS', 'miles': 604, 'sched_arrive': 1699834200, 'sched_depart': 1699837020, 'arrive': {'variance': 0, 'times_compared': 'ENROUTE_ARRIVAL', 'type': 'ESTIMATED'}, 'depart': {'variance': 0, 'times_compared': 'DEPARTURE', 'type': 'ESTIMATED'}}, {'code': 'NCR', 'miles': 613, 'sched_arrive': 1699837620, 'sched_depart': 1699837680, 'arrive': {'variance': 0, 'times_compared': 'ENROUTE_ARRIVAL', 'type': 'ESTIMATED'}, 'depart': {'variance': 0, 'times_compared': 'DEPARTURE', 'type': 'ESTIMATED'}}, {'code': 'BWI', 'miles': 634, 'sched_arrive': 1699838520, 'sched_depart': 1699838640, 'arrive': {'variance': 0, 'times_compared': 'ENROUTE_ARRIVAL', 'type': 'ESTIMATED'}, 'depart': {'variance': 0, 'times_compared': 'DEPARTURE', 'type': 'ESTIMATED'}}, {'code': 'BAL', 'miles': 645, 'sched_arrive': 1699839480, 'sched_depart': 1699839720, 'arrive': {'variance': 0, 'times_compared': 'ENROUTE_ARRIVAL', 'type': 'ESTIMATED'}, 'depart': {'variance': 0, 'times_compared': 'DEPARTURE', 'type': 'ESTIMATED'}}, {'code': 'WIL', 'miles': 714, 'sched_arrive': 1699842360, 'sched_depart': 1699842540, 'arrive': {'variance': -60, 'times_compared': 'ENROUTE_ARRIVAL', 'type': 'ESTIMATED'}, 'depart': {'variance': 0, 'times_compared': 'DEPARTURE', 'type': 'ESTIMATED'}}, {'code': 'PHL', 'miles': 739, 'sched_arrive': 1699843860, 'sched_depart': 1699844100, 'arrive': {'variance': 0, 'times_compared': 'ENROUTE_ARRIVAL', 'type': 'ESTIMATED'}, 'depart': {'variance': 0, 'times_compared': 'DEPARTURE', 'type': 'ESTIMATED'}}, {'code': 'TRE', 'miles': 772, 'sched_arrive': 1699845780, 'sched_depart': 1699845960, 'arrive': {'variance': 0, 'times_compared': 'ENROUTE_ARRIVAL', 'type': 'ESTIMATED'}, 'depart': {'variance': 0, 'times_compared': 'DEPARTURE', 'type': 'ESTIMATED'}}, {'code': 'MET', 'miles': 806, 'sched_depart': 1699847280, 'arrive': {'variance': 0, 'times_compared': 'MISMATCH_ARRIVAL', 'type': 'ESTIMATED'}, 'depart': {'variance': -120, 'times_compared': 'DEPARTURE', 'type': 'ESTIMATED'}}, {'code': 'NWK', 'miles': 820, 'sched_depart': 1699848180, 'arrive': {'variance': 60, 'times_compared': 'MISMATCH_ARRIVAL', 'type': 'ESTIMATED'}, 'depart': {'variance': -60, 'times_compared': 'DEPARTURE', 'type': 'ESTIMATED'}}, {'code': 'NYP', 'miles': 830, 'sched_arrive': 1699849380, 'arrive': {'variance': 360, 'times_compared': 'TERMINAL_ARRIVAL', 'type': 'ESTIMATED'}}]",35.937309,-77.797457,0.0,POINT (-77.797457 35.937309),0
